From	Entry	Reviewed	Entry Name	Protein names	Gene Names	Organism	Length	Gene Ontology (biological process)	Gene Ontology (cellular component)	Gene Ontology (GO)	Gene Ontology (molecular function)	Gene Ontology IDs	Developmental stage	Induction	Tissue specificity
AAL83746.1	Q8QV64	unreviewed	Q8QV64_MUMPJ	RNA-directed RNA polymerase L (Protein L) (Large structural protein) (Replicase) (Transcriptase) [Includes: RNA-directed RNA polymerase (EC 2.7.7.48); GTP phosphohydrolase (EC 3.6.1.-); GDP polyribonucleotidyltransferase (EC 2.7.7.88) (PRNTase); mRNA (nucleoside-2'-O-)-methyltransferase (N1-2'-O-MTase) (EC 2.1.1.-); mRNA (guanine-N(7)-)-methyltransferase (G-N7-MTase)]	L	Mumps virus (strain Jeryl-Lynn) (MuV)	2261		cytoplasm [GO:0005737]; host cell cytoplasm [GO:0030430]; virion component [GO:0044423]	cytoplasm [GO:0005737]; host cell cytoplasm [GO:0030430]; virion component [GO:0044423]; ATP binding [GO:0005524]; GTPase activity [GO:0003924]; mRNA (guanine-N7-)-methyltransferase activity [GO:0004482]; RNA-dependent RNA polymerase activity [GO:0003968]	ATP binding [GO:0005524]; GTPase activity [GO:0003924]; mRNA (guanine-N7-)-methyltransferase activity [GO:0004482]; RNA-dependent RNA polymerase activity [GO:0003968]	GO:0003924; GO:0003968; GO:0004482; GO:0005524; GO:0005737; GO:0030430; GO:0044423			
AMS03992.1	P03300	reviewed	POLG_POL1M	Genome polyprotein [Cleaved into: P1; Capsid protein VP0 (VP4-VP2); Capsid protein VP4 (P1A) (Virion protein 4); Capsid protein VP2 (P1B) (Virion protein 2); Capsid protein VP3 (P1C) (Virion protein 3); Capsid protein VP1 (P1D) (Virion protein 1); P2; Protease 2A (P2A) (EC 3.4.22.29) (Picornain 2A) (Protein 2A); Protein 2B (P2B); Protein 2C (P2C) (EC 3.6.1.15); P3; Protein 3AB; Protein 3A (P3A); Viral protein genome-linked (VPg) (Protein 3B) (P3B); Protein 3CD (EC 3.4.22.28); Protease 3C (EC 3.4.22.28) (Picornain 3C) (P3C); RNA-directed RNA polymerase (RdRp) (EC 2.7.7.48) (3D polymerase) (3Dpol) (Protein 3D) (3D)]		Poliovirus type 1 (strain Mahoney)	2209	DNA-templated transcription [GO:0006351]; endocytosis involved in viral entry into host cell [GO:0075509]; induction by virus of host autophagy [GO:0039520]; pore formation by virus in membrane of host cell [GO:0039707]; pore-mediated entry of viral genome into host cell [GO:0044694]; positive stranded viral RNA replication [GO:0039690]; protein complex oligomerization [GO:0051259]; proteolysis [GO:0006508]; RNA-protein covalent cross-linking [GO:0018144]; suppression by virus of host mRNA export from nucleus [GO:0039522]; suppression by virus of host translation initiation [GO:0039606]; suppression by virus of host viral-induced cytoplasmic pattern recognition receptor signaling pathway via inhibition of host MDA-5 activity [GO:0039554]; suppression by virus of host viral-induced cytoplasmic pattern recognition receptor signaling pathway via inhibition of host RIG-I activity [GO:0039540]; suppression by virus of host viral-induced cytoplasmic pattern recognition receptor signaling pathway via inhibition of MAVS activity [GO:0039545]; viral RNA genome replication [GO:0039694]; virion assembly [GO:0019068]; virion attachment to host cell [GO:0019062]	host cell cytoplasmic vesicle membrane [GO:0044162]; host cell nucleus [GO:0042025]; membrane [GO:0016020]; T=pseudo3 icosahedral viral capsid [GO:0039618]; viral capsid [GO:0019028]	host cell cytoplasmic vesicle membrane [GO:0044162]; host cell nucleus [GO:0042025]; membrane [GO:0016020]; T=pseudo3 icosahedral viral capsid [GO:0039618]; viral capsid [GO:0019028]; ATP binding [GO:0005524]; cysteine-type endopeptidase activity [GO:0004197]; ion channel activity [GO:0005216]; metal ion binding [GO:0046872]; ribonucleoside triphosphate phosphatase activity [GO:0017111]; RNA binding [GO:0003723]; RNA helicase activity [GO:0003724]; RNA-dependent RNA polymerase activity [GO:0003968]; structural molecule activity [GO:0005198]; DNA-templated transcription [GO:0006351]; endocytosis involved in viral entry into host cell [GO:0075509]; induction by virus of host autophagy [GO:0039520]; pore formation by virus in membrane of host cell [GO:0039707]; pore-mediated entry of viral genome into host cell [GO:0044694]; positive stranded viral RNA replication [GO:0039690]; protein complex oligomerization [GO:0051259]; proteolysis [GO:0006508]; RNA-protein covalent cross-linking [GO:0018144]; suppression by virus of host mRNA export from nucleus [GO:0039522]; suppression by virus of host translation initiation [GO:0039606]; suppression by virus of host viral-induced cytoplasmic pattern recognition receptor signaling pathway via inhibition of host MDA-5 activity [GO:0039554]; suppression by virus of host viral-induced cytoplasmic pattern recognition receptor signaling pathway via inhibition of host RIG-I activity [GO:0039540]; suppression by virus of host viral-induced cytoplasmic pattern recognition receptor signaling pathway via inhibition of MAVS activity [GO:0039545]; viral RNA genome replication [GO:0039694]; virion assembly [GO:0019068]; virion attachment to host cell [GO:0019062]	ATP binding [GO:0005524]; cysteine-type endopeptidase activity [GO:0004197]; ion channel activity [GO:0005216]; metal ion binding [GO:0046872]; ribonucleoside triphosphate phosphatase activity [GO:0017111]; RNA binding [GO:0003723]; RNA helicase activity [GO:0003724]; RNA-dependent RNA polymerase activity [GO:0003968]; structural molecule activity [GO:0005198]	GO:0003723; GO:0003724; GO:0003968; GO:0004197; GO:0005198; GO:0005216; GO:0005524; GO:0006351; GO:0006508; GO:0016020; GO:0017111; GO:0018144; GO:0019028; GO:0019062; GO:0019068; GO:0039520; GO:0039522; GO:0039540; GO:0039545; GO:0039554; GO:0039606; GO:0039618; GO:0039690; GO:0039694; GO:0039707; GO:0042025; GO:0044162; GO:0044694; GO:0046872; GO:0051259; GO:0075509			
AAO88056.1	Q80I02	unreviewed	Q80I02_9ENTO	Genome polyprotein [Cleaved into: P3; Protein 3AB; P2; P1; Capsid protein VP0 (VP4-VP2); Capsid protein VP4 (P1A) (Virion protein 4); Capsid protein VP2 (P1B) (Virion protein 2); Capsid protein VP3 (P1C) (Virion protein 3); Capsid protein VP1 (P1D) (Virion protein 1); Protease 2A (P2A) (EC 3.4.22.29) (Picornain 2A) (Protein 2A); Protein 2B (P2B); Protein 2C (P2C) (EC 3.6.1.15); Protein 3A (P3A); Viral protein genome-linked (VPg) (Protein 3B) (P3B); Protein 3CD (EC 3.4.22.28); Protease 3C (P3C); RNA-directed RNA polymerase (RdRp) (EC 2.7.7.48) (3D polymerase) (3Dpol) (Protein 3D) (3D)]		Human poliovirus 2	2207	DNA-templated transcription [GO:0006351]; endocytosis involved in viral entry into host cell [GO:0075509]; induction by virus of host autophagy [GO:0039520]; pore formation by virus in membrane of host cell [GO:0039707]; pore-mediated entry of viral genome into host cell [GO:0044694]; protein complex oligomerization [GO:0051259]; proteolysis [GO:0006508]; RNA-protein covalent cross-linking [GO:0018144]; suppression by virus of host gene expression [GO:0039657]; suppression by virus of host innate immune response [GO:0039503]; suppression by virus of host mRNA export from nucleus [GO:0039522]; viral RNA genome replication [GO:0039694]; virion attachment to host cell [GO:0019062]	cytoplasmic vesicle membrane [GO:0030659]; host cell cytoplasmic vesicle membrane [GO:0044162]; T=pseudo3 icosahedral viral capsid [GO:0039618]	cytoplasmic vesicle membrane [GO:0030659]; host cell cytoplasmic vesicle membrane [GO:0044162]; T=pseudo3 icosahedral viral capsid [GO:0039618]; ATP binding [GO:0005524]; cysteine-type endopeptidase activity [GO:0004197]; ion channel activity [GO:0005216]; metal ion binding [GO:0046872]; ribonucleoside triphosphate phosphatase activity [GO:0017111]; RNA binding [GO:0003723]; RNA helicase activity [GO:0003724]; RNA-dependent RNA polymerase activity [GO:0003968]; structural molecule activity [GO:0005198]; DNA-templated transcription [GO:0006351]; endocytosis involved in viral entry into host cell [GO:0075509]; induction by virus of host autophagy [GO:0039520]; pore formation by virus in membrane of host cell [GO:0039707]; pore-mediated entry of viral genome into host cell [GO:0044694]; protein complex oligomerization [GO:0051259]; proteolysis [GO:0006508]; RNA-protein covalent cross-linking [GO:0018144]; suppression by virus of host gene expression [GO:0039657]; suppression by virus of host innate immune response [GO:0039503]; suppression by virus of host mRNA export from nucleus [GO:0039522]; viral RNA genome replication [GO:0039694]; virion attachment to host cell [GO:0019062]	ATP binding [GO:0005524]; cysteine-type endopeptidase activity [GO:0004197]; ion channel activity [GO:0005216]; metal ion binding [GO:0046872]; ribonucleoside triphosphate phosphatase activity [GO:0017111]; RNA binding [GO:0003723]; RNA helicase activity [GO:0003724]; RNA-dependent RNA polymerase activity [GO:0003968]; structural molecule activity [GO:0005198]	GO:0003723; GO:0003724; GO:0003968; GO:0004197; GO:0005198; GO:0005216; GO:0005524; GO:0006351; GO:0006508; GO:0017111; GO:0018144; GO:0019062; GO:0030659; GO:0039503; GO:0039520; GO:0039522; GO:0039618; GO:0039657; GO:0039694; GO:0039707; GO:0044162; GO:0044694; GO:0046872; GO:0051259; GO:0075509			
AAN85443.1	Q8B3S1	unreviewed	Q8B3S1_9ENTO	Genome polyprotein [Cleaved into: P3; Protein 3AB; P2; P1; Capsid protein VP0 (VP4-VP2); Capsid protein VP4 (P1A) (Virion protein 4); Capsid protein VP2 (P1B) (Virion protein 2); Capsid protein VP3 (P1C) (Virion protein 3); Capsid protein VP1 (P1D) (Virion protein 1); Protease 2A (P2A) (EC 3.4.22.29) (Picornain 2A) (Protein 2A); Protein 2B (P2B); Protein 2C (P2C) (EC 3.6.1.15); Protein 3A (P3A); Viral protein genome-linked (VPg) (Protein 3B) (P3B); Protein 3CD (EC 3.4.22.28); Protease 3C (P3C); RNA-directed RNA polymerase (RdRp) (EC 2.7.7.48) (3D polymerase) (3Dpol) (Protein 3D) (3D)]		Human poliovirus 2	2207	DNA-templated transcription [GO:0006351]; endocytosis involved in viral entry into host cell [GO:0075509]; induction by virus of host autophagy [GO:0039520]; pore formation by virus in membrane of host cell [GO:0039707]; pore-mediated entry of viral genome into host cell [GO:0044694]; protein complex oligomerization [GO:0051259]; proteolysis [GO:0006508]; RNA-protein covalent cross-linking [GO:0018144]; suppression by virus of host gene expression [GO:0039657]; suppression by virus of host innate immune response [GO:0039503]; suppression by virus of host mRNA export from nucleus [GO:0039522]; viral RNA genome replication [GO:0039694]; virion attachment to host cell [GO:0019062]	cytoplasmic vesicle membrane [GO:0030659]; host cell cytoplasmic vesicle membrane [GO:0044162]; T=pseudo3 icosahedral viral capsid [GO:0039618]	cytoplasmic vesicle membrane [GO:0030659]; host cell cytoplasmic vesicle membrane [GO:0044162]; T=pseudo3 icosahedral viral capsid [GO:0039618]; ATP binding [GO:0005524]; cysteine-type endopeptidase activity [GO:0004197]; ion channel activity [GO:0005216]; metal ion binding [GO:0046872]; ribonucleoside triphosphate phosphatase activity [GO:0017111]; RNA binding [GO:0003723]; RNA helicase activity [GO:0003724]; RNA-dependent RNA polymerase activity [GO:0003968]; structural molecule activity [GO:0005198]; DNA-templated transcription [GO:0006351]; endocytosis involved in viral entry into host cell [GO:0075509]; induction by virus of host autophagy [GO:0039520]; pore formation by virus in membrane of host cell [GO:0039707]; pore-mediated entry of viral genome into host cell [GO:0044694]; protein complex oligomerization [GO:0051259]; proteolysis [GO:0006508]; RNA-protein covalent cross-linking [GO:0018144]; suppression by virus of host gene expression [GO:0039657]; suppression by virus of host innate immune response [GO:0039503]; suppression by virus of host mRNA export from nucleus [GO:0039522]; viral RNA genome replication [GO:0039694]; virion attachment to host cell [GO:0019062]	ATP binding [GO:0005524]; cysteine-type endopeptidase activity [GO:0004197]; ion channel activity [GO:0005216]; metal ion binding [GO:0046872]; ribonucleoside triphosphate phosphatase activity [GO:0017111]; RNA binding [GO:0003723]; RNA helicase activity [GO:0003724]; RNA-dependent RNA polymerase activity [GO:0003968]; structural molecule activity [GO:0005198]	GO:0003723; GO:0003724; GO:0003968; GO:0004197; GO:0005198; GO:0005216; GO:0005524; GO:0006351; GO:0006508; GO:0017111; GO:0018144; GO:0019062; GO:0030659; GO:0039503; GO:0039520; GO:0039522; GO:0039618; GO:0039657; GO:0039694; GO:0039707; GO:0044162; GO:0044694; GO:0046872; GO:0051259; GO:0075509			
AKE14408.1	A0A0F6T536	unreviewed	A0A0F6T536_9ENTO	Genome polyprotein [Cleaved into: P3; Protein 3AB; P2; P1; Capsid protein VP0 (VP4-VP2); Capsid protein VP4 (P1A) (Virion protein 4); Capsid protein VP2 (P1B) (Virion protein 2); Capsid protein VP3 (P1C) (Virion protein 3); Capsid protein VP1 (P1D) (Virion protein 1); Protease 2A (P2A) (EC 3.4.22.29) (Picornain 2A) (Protein 2A); Protein 2B (P2B); Protein 2C (P2C) (EC 3.6.1.15); Protein 3A (P3A); Viral protein genome-linked (VPg) (Protein 3B) (P3B); Protein 3CD (EC 3.4.22.28); Protease 3C (P3C); RNA-directed RNA polymerase (RdRp) (EC 2.7.7.48) (3D polymerase) (3Dpol) (Protein 3D) (3D)]		Enterovirus C	2206	DNA-templated transcription [GO:0006351]; endocytosis involved in viral entry into host cell [GO:0075509]; induction by virus of host autophagy [GO:0039520]; pore formation by virus in membrane of host cell [GO:0039707]; pore-mediated entry of viral genome into host cell [GO:0044694]; protein complex oligomerization [GO:0051259]; proteolysis [GO:0006508]; RNA-protein covalent cross-linking [GO:0018144]; suppression by virus of host gene expression [GO:0039657]; suppression by virus of host innate immune response [GO:0039503]; suppression by virus of host mRNA export from nucleus [GO:0039522]; viral RNA genome replication [GO:0039694]; virion attachment to host cell [GO:0019062]	cytoplasmic vesicle membrane [GO:0030659]; host cell cytoplasmic vesicle membrane [GO:0044162]; T=pseudo3 icosahedral viral capsid [GO:0039618]	cytoplasmic vesicle membrane [GO:0030659]; host cell cytoplasmic vesicle membrane [GO:0044162]; T=pseudo3 icosahedral viral capsid [GO:0039618]; ATP binding [GO:0005524]; cysteine-type endopeptidase activity [GO:0004197]; ion channel activity [GO:0005216]; metal ion binding [GO:0046872]; ribonucleoside triphosphate phosphatase activity [GO:0017111]; RNA binding [GO:0003723]; RNA helicase activity [GO:0003724]; RNA-dependent RNA polymerase activity [GO:0003968]; structural molecule activity [GO:0005198]; DNA-templated transcription [GO:0006351]; endocytosis involved in viral entry into host cell [GO:0075509]; induction by virus of host autophagy [GO:0039520]; pore formation by virus in membrane of host cell [GO:0039707]; pore-mediated entry of viral genome into host cell [GO:0044694]; protein complex oligomerization [GO:0051259]; proteolysis [GO:0006508]; RNA-protein covalent cross-linking [GO:0018144]; suppression by virus of host gene expression [GO:0039657]; suppression by virus of host innate immune response [GO:0039503]; suppression by virus of host mRNA export from nucleus [GO:0039522]; viral RNA genome replication [GO:0039694]; virion attachment to host cell [GO:0019062]	ATP binding [GO:0005524]; cysteine-type endopeptidase activity [GO:0004197]; ion channel activity [GO:0005216]; metal ion binding [GO:0046872]; ribonucleoside triphosphate phosphatase activity [GO:0017111]; RNA binding [GO:0003723]; RNA helicase activity [GO:0003724]; RNA-dependent RNA polymerase activity [GO:0003968]; structural molecule activity [GO:0005198]	GO:0003723; GO:0003724; GO:0003968; GO:0004197; GO:0005198; GO:0005216; GO:0005524; GO:0006351; GO:0006508; GO:0017111; GO:0018144; GO:0019062; GO:0030659; GO:0039503; GO:0039520; GO:0039522; GO:0039618; GO:0039657; GO:0039694; GO:0039707; GO:0044162; GO:0044694; GO:0046872; GO:0051259; GO:0075509			
AAN85444.1	Q8B3S0	unreviewed	Q8B3S0_9ENTO	Genome polyprotein [Cleaved into: P3; Protein 3AB; P2; P1; Capsid protein VP0 (VP4-VP2); Capsid protein VP4 (P1A) (Virion protein 4); Capsid protein VP2 (P1B) (Virion protein 2); Capsid protein VP3 (P1C) (Virion protein 3); Capsid protein VP1 (P1D) (Virion protein 1); Protease 2A (P2A) (EC 3.4.22.29) (Picornain 2A) (Protein 2A); Protein 2B (P2B); Protein 2C (P2C) (EC 3.6.1.15); Protein 3A (P3A); Viral protein genome-linked (VPg) (Protein 3B) (P3B); Protein 3CD (EC 3.4.22.28); Protease 3C (P3C); RNA-directed RNA polymerase (RdRp) (EC 2.7.7.48) (3D polymerase) (3Dpol) (Protein 3D) (3D)]		Human poliovirus 3	2206	DNA-templated transcription [GO:0006351]; endocytosis involved in viral entry into host cell [GO:0075509]; induction by virus of host autophagy [GO:0039520]; pore formation by virus in membrane of host cell [GO:0039707]; pore-mediated entry of viral genome into host cell [GO:0044694]; protein complex oligomerization [GO:0051259]; proteolysis [GO:0006508]; RNA-protein covalent cross-linking [GO:0018144]; suppression by virus of host gene expression [GO:0039657]; suppression by virus of host innate immune response [GO:0039503]; suppression by virus of host mRNA export from nucleus [GO:0039522]; viral RNA genome replication [GO:0039694]; virion attachment to host cell [GO:0019062]	cytoplasmic vesicle membrane [GO:0030659]; host cell cytoplasmic vesicle membrane [GO:0044162]; host cell nucleus [GO:0042025]; T=pseudo3 icosahedral viral capsid [GO:0039618]	cytoplasmic vesicle membrane [GO:0030659]; host cell cytoplasmic vesicle membrane [GO:0044162]; host cell nucleus [GO:0042025]; T=pseudo3 icosahedral viral capsid [GO:0039618]; ATP binding [GO:0005524]; cysteine-type endopeptidase activity [GO:0004197]; ion channel activity [GO:0005216]; metal ion binding [GO:0046872]; ribonucleoside triphosphate phosphatase activity [GO:0017111]; RNA binding [GO:0003723]; RNA helicase activity [GO:0003724]; RNA-dependent RNA polymerase activity [GO:0003968]; structural molecule activity [GO:0005198]; DNA-templated transcription [GO:0006351]; endocytosis involved in viral entry into host cell [GO:0075509]; induction by virus of host autophagy [GO:0039520]; pore formation by virus in membrane of host cell [GO:0039707]; pore-mediated entry of viral genome into host cell [GO:0044694]; protein complex oligomerization [GO:0051259]; proteolysis [GO:0006508]; RNA-protein covalent cross-linking [GO:0018144]; suppression by virus of host gene expression [GO:0039657]; suppression by virus of host innate immune response [GO:0039503]; suppression by virus of host mRNA export from nucleus [GO:0039522]; viral RNA genome replication [GO:0039694]; virion attachment to host cell [GO:0019062]	ATP binding [GO:0005524]; cysteine-type endopeptidase activity [GO:0004197]; ion channel activity [GO:0005216]; metal ion binding [GO:0046872]; ribonucleoside triphosphate phosphatase activity [GO:0017111]; RNA binding [GO:0003723]; RNA helicase activity [GO:0003724]; RNA-dependent RNA polymerase activity [GO:0003968]; structural molecule activity [GO:0005198]	GO:0003723; GO:0003724; GO:0003968; GO:0004197; GO:0005198; GO:0005216; GO:0005524; GO:0006351; GO:0006508; GO:0017111; GO:0018144; GO:0019062; GO:0030659; GO:0039503; GO:0039520; GO:0039522; GO:0039618; GO:0039657; GO:0039694; GO:0039707; GO:0042025; GO:0044162; GO:0044694; GO:0046872; GO:0051259; GO:0075509			
AAF85698.1	Q77M22	unreviewed	Q77M22_MEASZ	RNA-directed RNA polymerase L (Protein L) (Large structural protein) (Replicase) (Transcriptase) [Includes: RNA-directed RNA polymerase (EC 2.7.7.48); GTP phosphohydrolase (EC 3.6.1.-); GDP polyribonucleotidyltransferase (EC 2.7.7.88) (PRNTase); mRNA (nucleoside-2'-O-)-methyltransferase (N1-2'-O-MTase) (EC 2.1.1.-); mRNA (guanine-N(7)-)-methyltransferase (G-N7-MTase)]	L	Measles virus (strain Edmonston-Zagreb vaccine) (MeV) (Subacute sclerose panencephalitis virus)	2183		cytoplasm [GO:0005737]; host cell cytoplasm [GO:0030430]; virion component [GO:0044423]	cytoplasm [GO:0005737]; host cell cytoplasm [GO:0030430]; virion component [GO:0044423]; ATP binding [GO:0005524]; GTPase activity [GO:0003924]; mRNA (guanine-N7-)-methyltransferase activity [GO:0004482]; RNA-dependent RNA polymerase activity [GO:0003968]	ATP binding [GO:0005524]; GTPase activity [GO:0003924]; mRNA (guanine-N7-)-methyltransferase activity [GO:0004482]; RNA-dependent RNA polymerase activity [GO:0003968]	GO:0003924; GO:0003968; GO:0004482; GO:0005524; GO:0005737; GO:0030430; GO:0044423			
BAB32471.1	Q99IE7	reviewed	POLN_RUBVO	Non-structural polyprotein p200 (p200) [Cleaved into: Protease/methyltransferase p150 (p150) (EC 3.4.22.-); RNA-directed RNA polymerase p90 (p90) (EC 2.7.7.48) (EC 3.6.1.15) (EC 3.6.4.13)]		Rubella virus (strain TO-336 vaccine) (RUBV)	2116	DNA-templated transcription [GO:0006351]; proteolysis [GO:0006508]; RNA processing [GO:0006396]; viral RNA genome replication [GO:0039694]	host cell membrane [GO:0033644]; host cell perinuclear region of cytoplasm [GO:0044220]; membrane [GO:0016020]	host cell membrane [GO:0033644]; host cell perinuclear region of cytoplasm [GO:0044220]; membrane [GO:0016020]; ATP binding [GO:0005524]; ATP hydrolysis activity [GO:0016887]; cysteine-type endopeptidase activity [GO:0004197]; metal ion binding [GO:0046872]; mRNA methyltransferase activity [GO:0008174]; RNA binding [GO:0003723]; RNA helicase activity [GO:0003724]; RNA-dependent RNA polymerase activity [GO:0003968]; DNA-templated transcription [GO:0006351]; proteolysis [GO:0006508]; RNA processing [GO:0006396]; viral RNA genome replication [GO:0039694]	ATP binding [GO:0005524]; ATP hydrolysis activity [GO:0016887]; cysteine-type endopeptidase activity [GO:0004197]; metal ion binding [GO:0046872]; mRNA methyltransferase activity [GO:0008174]; RNA binding [GO:0003723]; RNA helicase activity [GO:0003724]; RNA-dependent RNA polymerase activity [GO:0003968]	GO:0003723; GO:0003724; GO:0003968; GO:0004197; GO:0005524; GO:0006351; GO:0006396; GO:0006508; GO:0008174; GO:0016020; GO:0016887; GO:0033644; GO:0039694; GO:0044220; GO:0046872			
BAB32472.1	Q99IE6	reviewed	POLS_RUBVO	Structural polyprotein (p110) [Cleaved into: Capsid protein (Coat protein) (C); Spike glycoprotein E2 (E2 envelope glycoprotein); Spike glycoprotein E1 (E1 envelope glycoprotein)]		Rubella virus (strain TO-336 vaccine) (RUBV)	1063	clathrin-dependent endocytosis of virus by host cell [GO:0075512]; fusion of virus membrane with host endosome membrane [GO:0039654]; virion attachment to host cell [GO:0019062]	host cell Golgi membrane [GO:0044178]; host cell mitochondrion [GO:0033650]; membrane [GO:0016020]; T=4 icosahedral viral capsid [GO:0039619]; viral envelope [GO:0019031]; viral nucleocapsid [GO:0019013]; virion membrane [GO:0055036]	host cell Golgi membrane [GO:0044178]; host cell mitochondrion [GO:0033650]; membrane [GO:0016020]; T=4 icosahedral viral capsid [GO:0039619]; viral envelope [GO:0019031]; viral nucleocapsid [GO:0019013]; virion membrane [GO:0055036]; metal ion binding [GO:0046872]; RNA binding [GO:0003723]; clathrin-dependent endocytosis of virus by host cell [GO:0075512]; fusion of virus membrane with host endosome membrane [GO:0039654]; virion attachment to host cell [GO:0019062]	metal ion binding [GO:0046872]; RNA binding [GO:0003723]	GO:0003723; GO:0016020; GO:0019013; GO:0019031; GO:0019062; GO:0033650; GO:0039619; GO:0039654; GO:0044178; GO:0046872; GO:0055036; GO:0075512			
AAF85697.1	Q9IC33	unreviewed	Q9IC33_MEASZ	Hemagglutinin glycoprotein	H	Measles virus (strain Edmonston-Zagreb vaccine) (MeV) (Subacute sclerose panencephalitis virus)	617	viral entry into host cell [GO:0046718]; virion attachment to host cell [GO:0019062]	host cell membrane [GO:0033644]; membrane [GO:0016020]; viral envelope [GO:0019031]; virion membrane [GO:0055036]	host cell membrane [GO:0033644]; membrane [GO:0016020]; viral envelope [GO:0019031]; virion membrane [GO:0055036]; host cell surface receptor binding [GO:0046789]; viral entry into host cell [GO:0046718]; virion attachment to host cell [GO:0019062]	host cell surface receptor binding [GO:0046789]	GO:0016020; GO:0019031; GO:0019062; GO:0033644; GO:0046718; GO:0046789; GO:0055036			
AAL83745.1	Q8QV65	unreviewed	Q8QV65_MUMPJ	Hemagglutinin/neuraminidase	HN	Mumps virus (strain Jeryl-Lynn) (MuV)	582	viral entry into host cell [GO:0046718]; virion attachment to host cell [GO:0019062]	host cell plasma membrane [GO:0020002]; plasma membrane [GO:0005886]; viral envelope [GO:0019031]; virion membrane [GO:0055036]	host cell plasma membrane [GO:0020002]; plasma membrane [GO:0005886]; viral envelope [GO:0019031]; virion membrane [GO:0055036]; exo-alpha-sialidase activity [GO:0004308]; host cell surface receptor binding [GO:0046789]; viral entry into host cell [GO:0046718]; virion attachment to host cell [GO:0019062]	exo-alpha-sialidase activity [GO:0004308]; host cell surface receptor binding [GO:0046789]	GO:0004308; GO:0005886; GO:0019031; GO:0019062; GO:0020002; GO:0046718; GO:0046789; GO:0055036			
AAK83223.1	Q9J4L1	unreviewed	Q9J4L1_MUMPJ	HN (Hemagglutinin/neuraminidase)	HN	Mumps virus (strain Jeryl-Lynn) (MuV)	582	viral entry into host cell [GO:0046718]; virion attachment to host cell [GO:0019062]	host cell plasma membrane [GO:0020002]; plasma membrane [GO:0005886]; viral envelope [GO:0019031]; virion membrane [GO:0055036]	host cell plasma membrane [GO:0020002]; plasma membrane [GO:0005886]; viral envelope [GO:0019031]; virion membrane [GO:0055036]; exo-alpha-sialidase activity [GO:0004308]; host cell surface receptor binding [GO:0046789]; viral entry into host cell [GO:0046718]; virion attachment to host cell [GO:0019062]	exo-alpha-sialidase activity [GO:0004308]; host cell surface receptor binding [GO:0046789]	GO:0004308; GO:0005886; GO:0019031; GO:0019062; GO:0020002; GO:0046718; GO:0046789; GO:0055036			
AEH42067.1	Q6IUU2	unreviewed	Q6IUU2_9MONO	HN protein (Hemagglutination neuraminidase) (Hemagglutinin-neuraminidase)	HN	Mumps orthorubulavirus	582	viral entry into host cell [GO:0046718]; virion attachment to host cell [GO:0019062]	host cell plasma membrane [GO:0020002]; plasma membrane [GO:0005886]; viral envelope [GO:0019031]; virion membrane [GO:0055036]	host cell plasma membrane [GO:0020002]; plasma membrane [GO:0005886]; viral envelope [GO:0019031]; virion membrane [GO:0055036]; exo-alpha-sialidase activity [GO:0004308]; host cell surface receptor binding [GO:0046789]; viral entry into host cell [GO:0046718]; virion attachment to host cell [GO:0019062]	exo-alpha-sialidase activity [GO:0004308]; host cell surface receptor binding [GO:0046789]	GO:0004308; GO:0005886; GO:0019031; GO:0019062; GO:0020002; GO:0046718; GO:0046789; GO:0055036			
CAA67501.1	Q83650	unreviewed	Q83650_9MONO	Hemagglutinin-neuraminidase	HN	Mumps orthorubulavirus	582	viral entry into host cell [GO:0046718]; virion attachment to host cell [GO:0019062]	host cell plasma membrane [GO:0020002]; plasma membrane [GO:0005886]; viral envelope [GO:0019031]; virion membrane [GO:0055036]	host cell plasma membrane [GO:0020002]; plasma membrane [GO:0005886]; viral envelope [GO:0019031]; virion membrane [GO:0055036]; exo-alpha-sialidase activity [GO:0004308]; host cell surface receptor binding [GO:0046789]; viral entry into host cell [GO:0046718]; virion attachment to host cell [GO:0019062]	exo-alpha-sialidase activity [GO:0004308]; host cell surface receptor binding [GO:0046789]	GO:0004308; GO:0005886; GO:0019031; GO:0019062; GO:0020002; GO:0046718; GO:0046789; GO:0055036			
AAF85696.1	O93055	unreviewed	O93055_MEASZ	Fusion glycoprotein F0	F	Measles virus (strain Edmonston-Zagreb vaccine) (MeV) (Subacute sclerose panencephalitis virus)	553	fusion of virus membrane with host plasma membrane [GO:0019064]	host cell plasma membrane [GO:0020002]; plasma membrane [GO:0005886]; viral envelope [GO:0019031]; virion membrane [GO:0055036]	host cell plasma membrane [GO:0020002]; plasma membrane [GO:0005886]; viral envelope [GO:0019031]; virion membrane [GO:0055036]; fusion of virus membrane with host plasma membrane [GO:0019064]		GO:0005886; GO:0019031; GO:0019064; GO:0020002; GO:0055036			
AAL83738.1	Q8QV72	unreviewed	Q8QV72_MUMPJ	Nucleocapsid (Nucleocapsid protein)	NP	Mumps virus (strain Jeryl-Lynn) (MuV)	549		helical viral capsid [GO:0019029]; host cell cytoplasm [GO:0030430]; ribonucleoprotein complex [GO:1990904]; viral nucleocapsid [GO:0019013]	helical viral capsid [GO:0019029]; host cell cytoplasm [GO:0030430]; ribonucleoprotein complex [GO:1990904]; viral nucleocapsid [GO:0019013]; RNA binding [GO:0003723]; structural molecule activity [GO:0005198]	RNA binding [GO:0003723]; structural molecule activity [GO:0005198]	GO:0003723; GO:0005198; GO:0019013; GO:0019029; GO:0030430; GO:1990904			
AAK60065.1	Q910W1	unreviewed	Q910W1_9MONO	Nucleocapsid (Nucleocapsid protein)	NP	Mumps orthorubulavirus	549		helical viral capsid [GO:0019029]; host cell cytoplasm [GO:0030430]; ribonucleoprotein complex [GO:1990904]; viral nucleocapsid [GO:0019013]	helical viral capsid [GO:0019029]; host cell cytoplasm [GO:0030430]; ribonucleoprotein complex [GO:1990904]; viral nucleocapsid [GO:0019013]; RNA binding [GO:0003723]; structural molecule activity [GO:0005198]	RNA binding [GO:0003723]; structural molecule activity [GO:0005198]	GO:0003723; GO:0005198; GO:0019013; GO:0019029; GO:0030430; GO:1990904			
AAL83743.1	Q8QV67	unreviewed	Q8QV67_MUMPJ	Fusion glycoprotein F0	F	Mumps virus (strain Jeryl-Lynn) (MuV)	538	fusion of virus membrane with host plasma membrane [GO:0019064]	host cell plasma membrane [GO:0020002]; plasma membrane [GO:0005886]; viral envelope [GO:0019031]; virion membrane [GO:0055036]	host cell plasma membrane [GO:0020002]; plasma membrane [GO:0005886]; viral envelope [GO:0019031]; virion membrane [GO:0055036]; fusion of virus membrane with host plasma membrane [GO:0019064]		GO:0005886; GO:0019031; GO:0019064; GO:0020002; GO:0055036			
AAK83222.1	Q9J4L3	unreviewed	Q9J4L3_MUMPJ	Fusion glycoprotein F0	F	Mumps virus (strain Jeryl-Lynn) (MuV)	538	fusion of virus membrane with host plasma membrane [GO:0019064]	host cell plasma membrane [GO:0020002]; plasma membrane [GO:0005886]; viral envelope [GO:0019031]; virion membrane [GO:0055036]	host cell plasma membrane [GO:0020002]; plasma membrane [GO:0005886]; viral envelope [GO:0019031]; virion membrane [GO:0055036]; fusion of virus membrane with host plasma membrane [GO:0019064]		GO:0005886; GO:0019031; GO:0019064; GO:0020002; GO:0055036			
AEH42065.1	Q6EAM3	unreviewed	Q6EAM3_9MONO	Fusion glycoprotein F0	F	Mumps orthorubulavirus	538	fusion of virus membrane with host plasma membrane [GO:0019064]	host cell plasma membrane [GO:0020002]; plasma membrane [GO:0005886]; viral envelope [GO:0019031]; virion membrane [GO:0055036]	host cell plasma membrane [GO:0020002]; plasma membrane [GO:0005886]; viral envelope [GO:0019031]; virion membrane [GO:0055036]; fusion of virus membrane with host plasma membrane [GO:0019064]		GO:0005886; GO:0019031; GO:0019064; GO:0020002; GO:0055036			
CAA58060.1	Q83653	unreviewed	Q83653_9MONO	Fusion glycoprotein F0	fusion gene	Mumps orthorubulavirus	538	fusion of virus membrane with host plasma membrane [GO:0019064]	host cell plasma membrane [GO:0020002]; plasma membrane [GO:0005886]; viral envelope [GO:0019031]; virion membrane [GO:0055036]	host cell plasma membrane [GO:0020002]; plasma membrane [GO:0005886]; viral envelope [GO:0019031]; virion membrane [GO:0055036]; fusion of virus membrane with host plasma membrane [GO:0019064]		GO:0005886; GO:0019031; GO:0019064; GO:0020002; GO:0055036			
AAF85691.1	Q89933	reviewed	NCAP_MEASF	Nucleoprotein (Nucleocapsid protein) (NP) (Protein N)	N NP	Measles virus (strain Edmonston B) (MeV) (Subacute sclerose panencephalitis virus)	525	modulation by virus of host gene expression [GO:0039656]; positive regulation of viral transcription [GO:0050434]	helical viral capsid [GO:0019029]; host cell cytoplasm [GO:0030430]; host cell viral nucleoid [GO:0039643]; ribonucleoprotein complex [GO:1990904]; viral nucleocapsid [GO:0019013]	helical viral capsid [GO:0019029]; host cell cytoplasm [GO:0030430]; host cell viral nucleoid [GO:0039643]; ribonucleoprotein complex [GO:1990904]; viral nucleocapsid [GO:0019013]; Hsp70 protein binding [GO:0030544]; molecular adaptor activity [GO:0060090]; molecular condensate scaffold activity [GO:0140693]; RNA binding [GO:0003723]; structural molecule activity [GO:0005198]; modulation by virus of host gene expression [GO:0039656]; positive regulation of viral transcription [GO:0050434]	Hsp70 protein binding [GO:0030544]; molecular adaptor activity [GO:0060090]; molecular condensate scaffold activity [GO:0140693]; RNA binding [GO:0003723]; structural molecule activity [GO:0005198]	GO:0003723; GO:0005198; GO:0019013; GO:0019029; GO:0030430; GO:0030544; GO:0039643; GO:0039656; GO:0050434; GO:0060090; GO:0140693; GO:1990904			
AAF85692.1	Q77M25	unreviewed	Q77M25_MEASZ	Phosphoprotein	P	Measles virus (strain Edmonston-Zagreb vaccine) (MeV) (Subacute sclerose panencephalitis virus)	507	DNA-templated transcription [GO:0006351]; viral genome replication [GO:0019079]		RNA binding [GO:0003723]; RNA-dependent RNA polymerase activity [GO:0003968]; DNA-templated transcription [GO:0006351]; viral genome replication [GO:0019079]	RNA binding [GO:0003723]; RNA-dependent RNA polymerase activity [GO:0003968]	GO:0003723; GO:0003968; GO:0006351; GO:0019079			
AAM66706.1	Q8JQ52	unreviewed	Q8JQ52_9MONO	Phosphoprotein		Measles morbillivirus	507	DNA-templated transcription [GO:0006351]; viral genome replication [GO:0019079]		RNA binding [GO:0003723]; RNA-dependent RNA polymerase activity [GO:0003968]; DNA-templated transcription [GO:0006351]; viral genome replication [GO:0019079]	RNA binding [GO:0003723]; RNA-dependent RNA polymerase activity [GO:0003968]	GO:0003723; GO:0003968; GO:0006351; GO:0019079			
BAA19890.1	O10653	unreviewed	O10653_RUBV	E1 protein		Rubella virus (RUBV)	481		membrane [GO:0016020]; viral nucleocapsid [GO:0019013]	membrane [GO:0016020]; viral nucleocapsid [GO:0019013]		GO:0016020; GO:0019013			
AAA47425.1	Q86378	unreviewed	Q86378_RUBV	Hemagglutinin	HA	Rubella virus (RUBV)	432		viral envelope [GO:0019031]; viral nucleocapsid [GO:0019013]	viral envelope [GO:0019031]; viral nucleocapsid [GO:0019013]		GO:0019013; GO:0019031			
AAL83740.1	Q8QV71	unreviewed	Q8QV71_MUMPJ	Phosphoprotein	P	Mumps virus (strain Jeryl-Lynn) (MuV)	391								
AAK83228.1	Q9J4L6	unreviewed	Q9J4L6_MUMPJ	Phosphoprotein	P	Mumps virus (strain Jeryl-Lynn) (MuV)	391								
AEH42063.1	Q6EAM5	unreviewed	Q6EAM5_9MONO	Phosphoprotein	P	Mumps orthorubulavirus	391								
AAK60066.1	Q910S3	unreviewed	Q910S3_9MONO	Phosphoprotein	P	Mumps orthorubulavirus	391								
AAL83742.1	Q8QV68	unreviewed	Q8QV68_MUMPJ	Matrix protein	M	Mumps virus (strain Jeryl-Lynn) (MuV)	375	virion assembly [GO:0019068]	virion component [GO:0044423]	virion component [GO:0044423]; structural constituent of virion [GO:0039660]; virion assembly [GO:0019068]	structural constituent of virion [GO:0039660]	GO:0019068; GO:0039660; GO:0044423			
AAF85695.1	Q9IC34	unreviewed	Q9IC34_MEASZ	Matrix protein	M	Measles virus (strain Edmonston-Zagreb vaccine) (MeV) (Subacute sclerose panencephalitis virus)	335	virion assembly [GO:0019068]	virion component [GO:0044423]	virion component [GO:0044423]; structural constituent of virion [GO:0039660]; virion assembly [GO:0019068]	structural constituent of virion [GO:0039660]	GO:0019068; GO:0039660; GO:0044423			
AAF85703.1	Q9IBY6	unreviewed	Q9IBY6_MEASW	Matrix protein	M	Measles virus (strain Edmonston-Schwarz vaccine) (MeV) (Subacute sclerose panencephalitis virus)	335	virion assembly [GO:0019068]	virion component [GO:0044423]	virion component [GO:0044423]; structural constituent of virion [GO:0039660]; virion assembly [GO:0019068]	structural constituent of virion [GO:0039660]	GO:0019068; GO:0039660; GO:0044423			
AAF85693.2	Q77M24	unreviewed	Q77M24_MEASZ	V protein	P	Measles virus (strain Edmonston-Zagreb vaccine) (MeV) (Subacute sclerose panencephalitis virus)	299	suppression by virus of host viral-induced cytoplasmic pattern recognition receptor signaling pathway via inhibition of host MDA-5 activity [GO:0039554]		metal ion binding [GO:0046872]; suppression by virus of host viral-induced cytoplasmic pattern recognition receptor signaling pathway via inhibition of host MDA-5 activity [GO:0039554]	metal ion binding [GO:0046872]	GO:0039554; GO:0046872			
ACI02324.1	B5TYI2	unreviewed	B5TYI2_RUBV	E2 envelope protein		Rubella virus (RUBV)	282		membrane [GO:0016020]; viral envelope [GO:0019031]; viral nucleocapsid [GO:0019013]	membrane [GO:0016020]; viral envelope [GO:0019031]; viral nucleocapsid [GO:0019013]		GO:0016020; GO:0019013; GO:0019031			
AAL83741.1	Q8QV69	unreviewed	Q8QV69_MUMPJ	Non-structural protein V	V	Mumps virus (strain Jeryl-Lynn) (MuV)	224	suppression by virus of host type I interferon-mediated signaling pathway [GO:0039502]; suppression by virus of host viral-induced cytoplasmic pattern recognition receptor signaling pathway via inhibition of host MDA-5 activity [GO:0039554]		metal ion binding [GO:0046872]; suppression by virus of host type I interferon-mediated signaling pathway [GO:0039502]; suppression by virus of host viral-induced cytoplasmic pattern recognition receptor signaling pathway via inhibition of host MDA-5 activity [GO:0039554]	metal ion binding [GO:0046872]	GO:0039502; GO:0039554; GO:0046872			
AAK83230.1	Q9J4L5	unreviewed	Q9J4L5_MUMPJ	Non-structural protein V	P V	Mumps virus (strain Jeryl-Lynn) (MuV)	224	suppression by virus of host type I interferon-mediated signaling pathway [GO:0039502]; suppression by virus of host viral-induced cytoplasmic pattern recognition receptor signaling pathway via inhibition of host MDA-5 activity [GO:0039554]		metal ion binding [GO:0046872]; suppression by virus of host type I interferon-mediated signaling pathway [GO:0039502]; suppression by virus of host viral-induced cytoplasmic pattern recognition receptor signaling pathway via inhibition of host MDA-5 activity [GO:0039554]	metal ion binding [GO:0046872]	GO:0039502; GO:0039554; GO:0046872			
CBA10118.1	C7C5R9	unreviewed	C7C5R9_MUMPJ	Non-structural protein V		Mumps virus (strain Jeryl-Lynn) (MuV)	224	suppression by virus of host type I interferon-mediated signaling pathway [GO:0039502]; suppression by virus of host viral-induced cytoplasmic pattern recognition receptor signaling pathway via inhibition of host MDA-5 activity [GO:0039554]		metal ion binding [GO:0046872]; suppression by virus of host type I interferon-mediated signaling pathway [GO:0039502]; suppression by virus of host viral-induced cytoplasmic pattern recognition receptor signaling pathway via inhibition of host MDA-5 activity [GO:0039554]	metal ion binding [GO:0046872]	GO:0039502; GO:0039554; GO:0046872			
AAK60067.1	Q910G9	unreviewed	Q910G9_9MONO	Non-structural protein V	P	Mumps orthorubulavirus	224	suppression by virus of host type I interferon-mediated signaling pathway [GO:0039502]; suppression by virus of host viral-induced cytoplasmic pattern recognition receptor signaling pathway via inhibition of host MDA-5 activity [GO:0039554]		metal ion binding [GO:0046872]; suppression by virus of host type I interferon-mediated signaling pathway [GO:0039502]; suppression by virus of host viral-induced cytoplasmic pattern recognition receptor signaling pathway via inhibition of host MDA-5 activity [GO:0039554]	metal ion binding [GO:0046872]	GO:0039502; GO:0039554; GO:0046872			
AAF85694.1	Q77M23	unreviewed	Q77M23_MEASZ	Protein C	P	Measles virus (strain Edmonston-Zagreb vaccine) (MeV) (Subacute sclerose panencephalitis virus)	186								
AAL83739.1	Q8QV70	unreviewed	Q8QV70_MUMPJ	I protein	I	Mumps virus (strain Jeryl-Lynn) (MuV)	171								
AAK83224.1	Q9J4L7	unreviewed	Q9J4L7_MUMPJ	I (I protein)	P I	Mumps virus (strain Jeryl-Lynn) (MuV)	171								
ABD57845.1	Q27PW6	unreviewed	Q27PW6_9MONO	Nucleocapsid (Nucleocapsid protein)		Measles morbillivirus	151		helical viral capsid [GO:0019029]; host cell cytoplasm [GO:0030430]; ribonucleoprotein complex [GO:1990904]; viral nucleocapsid [GO:0019013]	helical viral capsid [GO:0019029]; host cell cytoplasm [GO:0030430]; ribonucleoprotein complex [GO:1990904]; viral nucleocapsid [GO:0019013]; RNA binding [GO:0003723]; structural molecule activity [GO:0005198]	RNA binding [GO:0003723]; structural molecule activity [GO:0005198]	GO:0003723; GO:0005198; GO:0019013; GO:0019029; GO:0030430; GO:1990904			
AAL83744.1	Q8QV66	unreviewed	Q8QV66_MUMPJ	Small hydrophobic protein	SH	Mumps virus (strain Jeryl-Lynn) (MuV)	57	suppression by virus of host NF-kappaB cascade [GO:0039644]	membrane [GO:0016020]; virion membrane [GO:0055036]	membrane [GO:0016020]; virion membrane [GO:0055036]; suppression by virus of host NF-kappaB cascade [GO:0039644]		GO:0016020; GO:0039644; GO:0055036			
AAK83229.1	Q9J4L2	unreviewed	Q9J4L2_MUMPJ	Small hydrophobic protein	SH	Mumps virus (strain Jeryl-Lynn) (MuV)	57	suppression by virus of host NF-kappaB cascade [GO:0039644]	membrane [GO:0016020]; virion membrane [GO:0055036]	membrane [GO:0016020]; virion membrane [GO:0055036]; suppression by virus of host NF-kappaB cascade [GO:0039644]		GO:0016020; GO:0039644; GO:0055036			
AEH42066.1	P90464	unreviewed	P90464_9MONO	Small hydrophobic protein	SH	Mumps orthorubulavirus	57	suppression by virus of host NF-kappaB cascade [GO:0039644]	membrane [GO:0016020]; virion membrane [GO:0055036]	membrane [GO:0016020]; virion membrane [GO:0055036]; suppression by virus of host NF-kappaB cascade [GO:0039644]		GO:0016020; GO:0039644; GO:0055036			
CAA37000.1	P20716	reviewed	SH_MUMPU	Small hydrophobic protein	SH	Mumps virus (strain Urabe vaccine AM9) (MuV)	57	suppression by virus of host NF-kappaB cascade [GO:0039644]	host cell plasma membrane [GO:0020002]; membrane [GO:0016020]; virion membrane [GO:0055036]	host cell plasma membrane [GO:0020002]; membrane [GO:0016020]; virion membrane [GO:0055036]; suppression by virus of host NF-kappaB cascade [GO:0039644]		GO:0016020; GO:0020002; GO:0039644; GO:0055036			
