"Gene ID","source_id","Input Order","Organism","Genomic Location (Gene)","Product Description","Gene Type","Input ID"
"AALB015791","AALB015791-RA","23","Anopheles albimanus STECLA","AalBS2_2R:10,728,436..10,729,794(-)","salivary gland protein","protein coding gene","AALB002653"
"AALB015792","AALB015792-RA","23","Anopheles albimanus STECLA","AalBS2_2R:10,730,064..10,731,184(-)","unspecified product","protein coding gene","AALB002653"
"AALB015886","AALB015886-RA","60","Anopheles albimanus STECLA","AalBS2_3R:18,427,181..18,428,312(+)","salivary gland protein 8","protein coding gene","AALB010740"
"AALB015887","AALB015887-RA","60","Anopheles albimanus STECLA","AalBS2_3R:18,402,527..18,433,300(+)","Reversion-inducing cysteine-rich protein with Kazal motifs","protein coding gene","AALB010740"
"AALB015993","AALB015993-RA","87","Anopheles albimanus STECLA","AalBS2_2L:28,792,062..28,792,743(+)","salivary gland protein 7-like","protein coding gene","AALB001854"
"AALB015994","AALB015994-RA","87","Anopheles albimanus STECLA","AalBS2_2L:28,790,855..28,791,533(+)","salivary gland protein","protein coding gene","AALB001854"
"AALB016037","AALB016037-RA","3","Anopheles albimanus STECLA","AalBS2_3R:3,419,484..3,421,577(-)","unspecified product","protein coding gene","AALB009827"
"AALB016038","AALB016038-RA","3","Anopheles albimanus STECLA","AalBS2_3R:3,411,629..3,413,820(-)","unspecified product","protein coding gene","AALB009827"
"AALB016039","AALB016039-RA","3","Anopheles albimanus STECLA","AalBS2_3R:3,414,291..3,416,865(-)","heme peroxidase","protein coding gene","AALB009827"
"AALB016040","AALB016040-RA","3","Anopheles albimanus STECLA","AalBS2_3R:3,417,167..3,419,279(-)","unspecified product","protein coding gene","AALB009827"
"AALB016240","AALB016240-RA","58","Anopheles albimanus STECLA","AalBS2_2R:20,812,056..20,831,771(-)","unspecified product","protein coding gene","AALB002192"
"AALB016455","AALB016455-RA","58","Anopheles albimanus STECLA","AalBS2_2R:20,810,857..20,811,784(-)","unspecified product","protein coding gene","AALB002192"
"AALB016456","AALB016456-RA","58","Anopheles albimanus STECLA","AalBS2_2R:20,809,853..20,810,443(-)","unspecified product","protein coding gene","AALB002192"
"AALB016457","AALB016457-RA","58","Anopheles albimanus STECLA","AalBS2_2R:20,807,082..20,807,916(-)","unspecified product","protein coding gene","AALB002192"
"AALB016541","AALB016541-RA","52","Anopheles albimanus STECLA","AalBS2_3L:19,463,674..19,464,700(+)","unspecified product","protein coding gene","AALB005083"
"AALB016542","AALB016542-RA","52","Anopheles albimanus STECLA","AalBS2_3L:19,455,106..19,455,670(+)","unspecified product","protein coding gene","AALB005083"
"AALB016543","AALB016543-RA","52","Anopheles albimanus STECLA","AalBS2_3L:19,462,183..19,463,174(+)","unspecified product","protein coding gene","AALB005083"
"AALB016544","AALB016544-RA","52","Anopheles albimanus STECLA","AalBS2_3L:19,460,057..19,461,113(+)","unspecified product","protein coding gene","AALB005083"
"AALB017695","AALB017695.R3681","10","Anopheles albimanus STECLA","AalBS2_3R:5,230,561..5,232,576(+)","unspecified product","protein coding gene","AALB009940"
"AALB017696","AALB017696.R3682","10","Anopheles albimanus STECLA","AalBS2_3R:5,233,785..5,236,641(+)","unspecified product","protein coding gene","AALB009940"
"AARA016088","AARA016088-RA","83","Anopheles arabiensis Dongola","KB704374:609,205..609,893(+)","salivary gland protein 7-like [Source:Projected from Anopheles gambiae (AGAP008215) VB Community Annotation]","protein coding gene","AARA004918"
"AARA016089","AARA016089-RA","83","Anopheles arabiensis Dongola","KB704374:607,657..608,377(+)","salivary gland protein [Source:Projected from Anopheles gambiae (AGAP008216) VB Community Annotation]","protein coding gene","AARA004918"
"AARA016176","AARA016176-RA","70","Anopheles arabiensis Dongola","KB704237:1,944,433..1,945,054(-)","unspecified product","protein coding gene","AARA008386"
"AARA016177","AARA016177-RA","70","Anopheles arabiensis Dongola","KB704237:1,942,298..1,942,986(-)","salivary gland protein 2-like [Source:Projected from Anopheles gambiae (AGAP006504) VB Community Annotation]","protein coding gene","AARA008386"
"AARA016207","AARA016207-RA","32","Anopheles arabiensis Dongola","KB704385:4,156,346..4,157,480(+)","unspecified product","protein coding gene","AARA009800"
"AARA016208","AARA016208-RA","32","Anopheles arabiensis Dongola","KB704385:4,157,719..4,159,062(+)","salivary gland protein [Source:Projected from Anopheles gambiae (AGAP013423) VB Community Annotation]","protein coding gene","AARA009800"
"AARA016220","AARA016220-RA","14","Anopheles arabiensis Dongola","KB704784:3,846,503..3,847,876(-)","salivary gland protein [Source:Projected from Anopheles gambiae (AGAP000612) VB Community Annotation]","protein coding gene","AARA010441"
"AARA016221","AARA016221-RA","14","Anopheles arabiensis Dongola","KB704784:3,849,645..3,851,016(-)","salivary gland protein 1-like [Source:Projected from Anopheles gambiae (AGAP000611) VB Community Annotation]","protein coding gene","AARA010441"
"AARA016222","AARA016222-RA","14","Anopheles arabiensis Dongola","KB704784:3,851,265..3,852,676(-)","salivary gland protein 1-like [Source:Projected from Anopheles gambiae (AGAP000610) VB Community Annotation]","protein coding gene","AARA010441"
"AARA016223","AARA016223-RA","14","Anopheles arabiensis Dongola","KB704784:3,852,917..3,854,187(-)","salivary gland protein 1-like [Source:Projected from Anopheles gambiae (AGAP000609) VB Community Annotation]","protein coding gene","AARA010441"
"AARA016236","AARA016236-RA","77","Anopheles arabiensis Dongola","KB704562:10,086,838..10,087,593(+)","D7 short form salivary protein [Source:Projected from Anopheles gambiae (AGAP008282) VB Community Annotation]","protein coding gene","AARA011279"
"AARA016237","AARA016237-RA","77","Anopheles arabiensis Dongola","KB704562:10,088,589..10,089,311(+)","D7 short form salivary protein [Source:Projected from Anopheles gambiae (AGAP008281) VB Community Annotation]","protein coding gene","AARA011279"
"AARA016238","AARA016238-RA","77","Anopheles arabiensis Dongola","KB704562:10,089,531..10,090,503(+)","D7 short form salivary protein [Source:Projected from Anopheles gambiae (AGAP008280) VB Community Annotation]","protein coding gene","AARA011279"
"AARA016239","AARA016239-RA","77","Anopheles arabiensis Dongola","KB704562:10,085,174..10,085,895(+)","D7 short form salivary protein [Source:Projected from Anopheles gambiae (AGAP008283) VB Community Annotation]","protein coding gene","AARA011279"
"AARA016240","AARA016240-RA","77","Anopheles arabiensis Dongola","KB704562:10,083,876..10,084,653(+)","D7 short form salivary protein [Source:Projected from Anopheles gambiae (AGAP008284) VB Community Annotation]","protein coding gene","AARA011279"
"AARA016509","AARA016509-RA","55","Anopheles arabiensis Dongola","KB704237:467,960..468,969(+)","antigen 5 related protein [Source:Projected from Anopheles gambiae (AGAP006419) VB Community Annotation]","protein coding gene","AARA008299"
"AARA016510","AARA016510-RA","55","Anopheles arabiensis Dongola","KB704237:470,159..471,274(+)","venom allergen [Source:Projected from Anopheles gambiae (AGAP006420) VB Community Annotation]","protein coding gene","AARA008299"
"AARA016511","AARA016511-RA","55","Anopheles arabiensis Dongola","KB704237:465,133..466,861(+)","venom allergen [Source:Projected from Anopheles gambiae (AGAP006418) VB Community Annotation]","protein coding gene","AARA008299"
"AARA016512","AARA016512-RA","55","Anopheles arabiensis Dongola","KB704237:472,518..473,929(+)","antigen 5 related protein [Source:Projected from Anopheles gambiae (AGAP006421) VB Community Annotation]","protein coding gene","AARA008299"
"AARA016540","AARA016540-RA","38","Anopheles arabiensis Dongola","KB704562:10,100,249..10,101,657(-)","D7 long form salivary protein [Source:Projected from Anopheles gambiae (AGAP008279) VB Community Annotation]","protein coding gene","AARA011281"
"AARA016541","AARA016541-RA","38","Anopheles arabiensis Dongola","KB704562:10,102,372..10,103,574(-)","D7 long form salivary protein [Source:Projected from Anopheles gambiae (AGAP008278) VB Community Annotation]","protein coding gene","AARA011281"
"AARA017299","AARA017299-RA","46","Anopheles arabiensis Dongola","KB705228:5,186,895..5,188,158(-)","Hyp37.7-like [Source:Projected from Anopheles gambiae (AGAP001988) UniProtKB/TrEMBL;Acc:Q52P96]","protein coding gene","AARA006955"
"AARA017300","AARA017300-RA","46","Anopheles arabiensis Dongola","KB705228:5,185,817..5,186,830(-)","unspecified product","protein coding gene","AARA006955"
"ACHR014968","ACHR014968-RA","16","Anopheles christyi ACHKN1017","KB687646:13,647..14,864(-)","salivary gland protein 1-like [Source:Projected from Anopheles gambiae (AGAP000609) VB Community Annotation]","protein coding gene","ACHR000556"
"ACHR014969","ACHR014969-RA","16","Anopheles christyi ACHKN1017","KB687646:12,035..13,276(-)","salivary gland protein 1-like [Source:Projected from Anopheles gambiae (AGAP000610) VB Community Annotation]","protein coding gene","ACHR000556"
"ACHR014970","ACHR014970-RA","16","Anopheles christyi ACHKN1017","KB687646:10,294..11,457(-)","salivary gland protein 1-like [Source:Projected from Anopheles gambiae (AGAP000611) VB Community Annotation]","protein coding gene","ACHR000556"
"ACHR014971","ACHR014971-RA","16","Anopheles christyi ACHKN1017","KB687646:8,631..9,833(-)","salivary gland protein [Source:Projected from Anopheles gambiae (AGAP000612) VB Community Annotation]","protein coding gene","ACHR000556"
"ACOM023547","ACOM023547-RA","45","Anopheles coluzzii Mali-NIH","EQ090196:671,706..679,950(-)","Hyp37.7-like [Source:Projected from Anopheles gambiae (AGAP001988) UniProtKB/TrEMBL;Acc:Q52P96]","protein coding gene","ACOM023547"
"ACOM023990","ACOM023990-RA","30","Anopheles coluzzii Mali-NIH","EQ090144:274,397..275,749(+)","salivary gland protein [Source:Projected from Anopheles gambiae (AGAP013423) VB Community Annotation]","protein coding gene","ACOM023990"
"ACOM030202","ACOM030202-RA","36","Anopheles coluzzii Mali-NIH","EQ090210:3,881,364..3,882,496(-)","D7 long form salivary protein","protein coding gene","ACOM030202"
"ACOM030203","ACOM030203-RA","50","Anopheles coluzzii Mali-NIH","EQ090210:3,872,279..3,873,670(-)","D7 long form salivary protein [Source:Projected from Anopheles gambiae (AGAP028120) UniProtKB/TrEMBL;Acc:A0A1S4HE90]","protein coding gene","ACOM030203"
"ACOM030344","ACOM030344-RA","82","Anopheles coluzzii Mali-NIH","EQ090210:5,406,266..5,407,014(+)","salivary gland protein [Source:Projected from Anopheles gambiae (AGAP008216) VB Community Annotation]","protein coding gene","ACOM030344"
"ACOM032251","ACOM032251-RA","26","Anopheles coluzzii Mali-NIH","EQ090209:4,664,990..4,671,349(-)","Abhydrolase domain-containing protein [Source:Projected from Anopheles gambiae (AGAP011970) UniProtKB/TrEMBL;Acc:A0A1S4H804]","protein coding gene","ACOM032251"
"ACOM035823","ACOM035823-RA","43","Anopheles coluzzii Mali-NIH","EQ090222:4,176,811..4,181,588(+)","unspecified product","protein coding gene","ACOM035823"
"ACOM039609","ACOM039609-RA","94","Anopheles coluzzii Mali-NIH","EQ090217:3,397,905..3,398,249(+)","salivary gland protein [Source:Projected from Anopheles gambiae (AGAP006506) VB Community Annotation]","protein coding gene","ACOM039609"
"ACOM039848","ACOM039848-RA","1","Anopheles coluzzii Mali-NIH","EQ090217:5,948,237..5,951,396(+)","Alpha-amylase [Source:UniProtKB/TrEMBL;Acc:A0A182LL82]","protein coding gene","ACOM039848"
"ACOM040125","ACOM040125-RA","93","Anopheles coluzzii Mali-NIH","EQ090160:457,571..457,918(+)","salivary gland protein 6","protein coding gene","ACOM040125"
"ACOM042608","ACOM042608-RA","78","Anopheles coluzzii Mali-NIH","EQ090210:3,870,456..3,871,027(+)","D7 short form salivary protein [Source:Projected from Anopheles gambiae (AGAP008280) VB Community Annotation]","protein coding gene","ACOM030199"
"ACOM042609","ACOM042609-RA","78","Anopheles coluzzii Mali-NIH","EQ090210:3,869,415..3,870,083(+)","D7 short form salivary protein [Source:Projected from Anopheles gambiae (AGAP008281) VB Community Annotation]","protein coding gene","ACOM030199"
"ACOM042610","ACOM042610-RA","86","Anopheles coluzzii Mali-NIH","EQ090210:5,408,095..5,408,590(+)","salivary gland protein 7-like [Source:Projected from Anopheles gambiae (AGAP008215) VB Community Annotation]","protein coding gene","ACOM030347"
"ACOM042611","ACOM042611-RA","86","Anopheles coluzzii Mali-NIH","EQ090210:5,409,062..5,409,551(+)","salivary gland protein 7-like","protein coding gene","ACOM030347"
"ACOM043097","ACOM043097-RA","47","Anopheles coluzzii Mali-NIH","EQ090217:4,870,675..4,871,768(-)","venom allergen [Source:Projected from Anopheles gambiae (AGAP006418) VB Community Annotation]","protein coding gene","ACOM039768"
"ACOM043098","ACOM043098-RA","47","Anopheles coluzzii Mali-NIH","EQ090217:4,868,025..4,868,942(-)","antigen 5 related protein [Source:Projected from Anopheles gambiae (AGAP006419) VB Community Annotation]","protein coding gene","ACOM039768"
"ACUA029107","ACUA029107-RA","92","Anopheles culicifacies A-37","AXCM01019126:134..766(-)","salivary gland protein 2-like [Source:Projected from Anopheles gambiae (AGAP006504) VB Community Annotation]","protein coding gene","ACUA008035"
"ACUA029108","ACUA029108-RA","92","Anopheles culicifacies A-37","AXCM01019126:1,391..1,980(-)","salivary gland protein [Source:Projected from Anopheles gambiae (AGAP006506) VB Community Annotation]","protein coding gene","ACUA008035"
"ACUA029129","ACUA029129-RA","33","Anopheles culicifacies A-37","AXCM01012951:4,483..5,771(-)","unspecified product","protein coding gene","ACUA018606"
"ACUA029130","ACUA029130-RA","33","Anopheles culicifacies A-37","AXCM01012951:2,208..4,320(-)","salivary gland protein [Source:Projected from Anopheles gambiae (AGAP013423) VB Community Annotation]","protein coding gene","ACUA018606"
"ACUA029137","ACUA029137-RA","13","Anopheles culicifacies A-37","KI423514:5,131..6,345(+)","salivary gland protein 1-like [Source:Projected from Anopheles gambiae (AGAP000610) VB Community Annotation]","protein coding gene","ACUA025282"
"ACUA029138","ACUA029138-RA","13","Anopheles culicifacies A-37","KI423514:8,702..9,901(+)","salivary gland protein [Source:Projected from Anopheles gambiae (AGAP000612) VB Community Annotation]","protein coding gene","ACUA025282"
"ACUA029139","ACUA029139-RA","13","Anopheles culicifacies A-37","KI423514:6,919..8,214(+)","salivary gland protein 1-like [Source:Projected from Anopheles gambiae (AGAP000611) VB Community Annotation]","protein coding gene","ACUA025282"
"ADIR015713","ADIR015713-RA","66","Anopheles dirus WRAIR2","KB673312:7,343,552..7,344,805(+)","salivary gland protein 8","protein coding gene","ADIR000333"
"ADIR015714","ADIR015714-RA","66","Anopheles dirus WRAIR2","KB673312:7,312,070..7,350,223(+)","Reversion-inducing cysteine-rich protein with Kazal motifs [Source:Projected from Anopheles gambiae (AGAP010646) VB Community Annotation]","protein coding gene","ADIR000333"
"ADIR015714","ADIR015714-RB","66","Anopheles dirus WRAIR2","KB673312:7,312,070..7,350,223(+)","Reversion-inducing cysteine-rich protein with Kazal motifs [Source:Projected from Anopheles gambiae (AGAP010646) VB Community Annotation]","protein coding gene","ADIR000333"
"ADIR015719","ADIR015719-RA","68","Anopheles dirus WRAIR2","KB672857:1,232,961..1,233,811(-)","D7 short form salivary protein [Source:Projected from Anopheles gambiae (AGAP008283) VB Community Annotation]","protein coding gene","ADIR000604"
"ADIR015720","ADIR015720-RA","68","Anopheles dirus WRAIR2","KB672857:1,231,308..1,232,060(-)","D7 short form salivary protein [Source:Projected from Anopheles gambiae (AGAP008282) VB Community Annotation]","protein coding gene","ADIR000604"
"ADIR015721","ADIR015721-RA","68","Anopheles dirus WRAIR2","KB672857:1,234,280..1,235,024(-)","D7 short form salivary protein [Source:Projected from Anopheles gambiae (AGAP008284) VB Community Annotation]","protein coding gene","ADIR000604"
"ADIR015722","ADIR015722-RA","68","Anopheles dirus WRAIR2","KB672857:1,229,372..1,230,613(-)","D7 short form salivary protein [Source:Projected from Anopheles gambiae (AGAP008280) VB Community Annotation]","protein coding gene","ADIR000604"
"ADIR015725","ADIR015725-RA","22","Anopheles dirus WRAIR2","KB672824:1,352,132..1,353,484(+)","salivary gland protein 1-like [Source:Projected from Anopheles gambiae (AGAP000611) VB Community Annotation]","protein coding gene","ADIR000837"
"ADIR015726","ADIR015726-RA","22","Anopheles dirus WRAIR2","KB672824:1,354,619..1,355,976(+)","salivary gland protein [Source:Projected from Anopheles gambiae (AGAP000612) VB Community Annotation]","protein coding gene","ADIR000837"
"ADIR015870","ADIR015870-RA","6","Anopheles dirus WRAIR2","KB673002:963,470..965,653(-)","heme peroxidase [Source:Projected from Anopheles gambiae (AGAP013282) VB Community Annotation]","protein coding gene","ADIR005268"
"ADIR015871","ADIR015871-RA","6","Anopheles dirus WRAIR2","KB673002:967,540..970,338(-)","heme peroxidase","protein coding gene","ADIR005268"
"ADIR015872","ADIR015872-RA","6","Anopheles dirus WRAIR2","KB673002:972,682..997,174(-)","heme peroxidase 1","protein coding gene","ADIR005268"
"ADIR015921","ADIR015921-RA","67","Anopheles dirus WRAIR2","KB672490:9,609,745..9,610,195(+)","unspecified product","protein coding gene","ADIR007613"
"ADIR015922","ADIR015922-RA","67","Anopheles dirus WRAIR2","KB672490:9,608,283..9,608,936(+)","unspecified product","protein coding gene","ADIR007613"
"ADIR015923","ADIR015923-RA","48","Anopheles dirus WRAIR2","KB672490:10,788,312..10,789,741(-)","antigen 5 related protein [Source:Projected from Anopheles gambiae (AGAP006421) VB Community Annotation]","protein coding gene","ADIR007691"
"ADIR015924","ADIR015924-RA","48","Anopheles dirus WRAIR2","KB672490:10,791,980..10,793,072(-)","SCP domain-containing protein [Source:UniProtKB/TrEMBL;Acc:A0A1Y9H2P3]","protein coding gene","ADIR007691"
"ADIR015925","ADIR015925-RA","48","Anopheles dirus WRAIR2","KB672490:10,790,168..10,791,205(-)","venom allergen [Source:Projected from Anopheles gambiae (AGAP006420) VB Community Annotation]","protein coding gene","ADIR007691"
"ADIR016219","ADIR016219-RA","41","Anopheles dirus WRAIR2","KB672979:9,993,262..9,994,310(-)","unspecified product","protein coding gene","ADIR010517"
"ADIR016220","ADIR016220-RA","41","Anopheles dirus WRAIR2","KB672979:9,996,785..9,997,848(-)","unspecified product","protein coding gene","ADIR010517"
"ADIR016221","ADIR016221-RA","41","Anopheles dirus WRAIR2","KB672979:9,998,518..9,999,832(-)","unspecified product","protein coding gene","ADIR010517"
"ADIR016222","ADIR016222-RA","41","Anopheles dirus WRAIR2","KB672979:9,991,660..9,992,418(-)","unspecified product","protein coding gene","ADIR010517"
"AEPI015302","AEPI015302-RA","62","Anopheles epiroticus Epiroticus2","KB670059:129,120..134,994(+)","Reversion-inducing cysteine-rich protein with Kazal motifs [Source:Projected from Anopheles gambiae (AGAP010646) VB Community Annotation]","protein coding gene","AEPI004417"
"AEPI015303","AEPI015303-RA","62","Anopheles epiroticus Epiroticus2","KB670059:126,574..127,339(+)","salivary gland protein 8","protein coding gene","AEPI004417"
"AEPI015306","AEPI015306-RA","76","Anopheles epiroticus Epiroticus2","KB670280:973,933..974,571(-)","D7 short form salivary protein [Source:Projected from Anopheles gambiae (AGAP008283) VB Community Annotation]","protein coding gene","AEPI004706"
"AEPI015307","AEPI015307-RA","76","Anopheles epiroticus Epiroticus2","KB670280:975,130..975,770(-)","D7 short form salivary protein [Source:Projected from Anopheles gambiae (AGAP008284) VB Community Annotation]","protein coding gene","AEPI004706"
"AEPI015308","AEPI015308-RA","76","Anopheles epiroticus Epiroticus2","KB670280:972,493..973,138(-)","D7 short form salivary protein [Source:Projected from Anopheles gambiae (AGAP008282) VB Community Annotation]","protein coding gene","AEPI004706"
"AEPI015309","AEPI015309-RA","76","Anopheles epiroticus Epiroticus2","KB670280:971,086..971,732(-)","D7 short form salivary protein [Source:Projected from Anopheles gambiae (AGAP008281) VB Community Annotation]","protein coding gene","AEPI004706"
"AEPI015310","AEPI015310-RA","76","Anopheles epiroticus Epiroticus2","KB670280:970,185..970,749(-)","D7 short form salivary protein [Source:Projected from Anopheles gambiae (AGAP008280) VB Community Annotation]","protein coding gene","AEPI004706"
"AEPI015313","AEPI015313-RA","85","Anopheles epiroticus Epiroticus2","KB672042:26,877..27,372(-)","salivary gland protein 7-like [Source:Projected from Anopheles gambiae (AGAP008215) VB Community Annotation]","protein coding gene","AEPI005590"
"AEPI015314","AEPI015314-RA","85","Anopheles epiroticus Epiroticus2","KB672042:28,134..28,765(-)","salivary gland protein [Source:Projected from Anopheles gambiae (AGAP008216) VB Community Annotation]","protein coding gene","AEPI005590"
"AEPI015315","AEPI015315-RA","53","Anopheles epiroticus Epiroticus2","KB670403:76,821..77,490(-)","venom allergen [Source:Projected from Anopheles gambiae (AGAP006417) VB Community Annotation]","protein coding gene","AEPI005724"
"AEPI015316","AEPI015316-RA","53","Anopheles epiroticus Epiroticus2","KB670403:74,512..75,968(-)","antigen 5 related protein [Source:Projected from Anopheles gambiae (AGAP006421) VB Community Annotation]","protein coding gene","AEPI005724"
"AEPI015404","AEPI015404-RA","12","Anopheles epiroticus Epiroticus2","KB671720:8,156..9,463(+)","salivary gland protein 1-like [Source:Projected from Anopheles gambiae (AGAP000610) VB Community Annotation]","protein coding gene","AEPI010122"
"AEPI015405","AEPI015405-RA","12","Anopheles epiroticus Epiroticus2","KB671720:9,873..11,150(+)","salivary gland protein 1-like [Source:Projected from Anopheles gambiae (AGAP000611) VB Community Annotation]","protein coding gene","AEPI010122"
"AEPI015406","AEPI015406-RA","12","Anopheles epiroticus Epiroticus2","KB671720:11,545..12,765(+)","salivary gland protein [Source:Projected from Anopheles gambiae (AGAP000612) VB Community Annotation]","protein coding gene","AEPI010122"
"AEPI015409","AEPI015409-RA","79","Anopheles epiroticus Epiroticus2","KB672009:421,886..422,362(+)","salivary gland protein 2-like [Source:Projected from Anopheles gambiae (AGAP006504) VB Community Annotation]","protein coding gene","AEPI014008"
"AEPI015410","AEPI015410-RA","79","Anopheles epiroticus Epiroticus2","KB672009:420,438..420,776(+)","salivary gland protein [Source:Projected from Anopheles gambiae (AGAP006506) VB Community Annotation]","protein coding gene","AEPI014008"
"AFAF021689","AFAF021689-RA","49","Anopheles farauti FAR1","KI915041:11,454,098..11,455,141(+)","unspecified product","protein coding gene","AFAF006174"
"AFAF021690","AFAF021690-RA","49","Anopheles farauti FAR1","KI915041:11,456,480..11,457,329(+)","unspecified product","protein coding gene","AFAF006174"
"AFAF021691","AFAF021691-RA","49","Anopheles farauti FAR1","KI915041:11,449,846..11,450,887(+)","unspecified product","protein coding gene","AFAF006174"
"AFAF021747","AFAF021747-RA","27","Anopheles farauti FAR1","KI915040:23,896,293..23,897,588(+)","salivary gland protein [Source:Projected from Anopheles gambiae (AGAP013423) VB Community Annotation]","protein coding gene","AFAF015063"
"AFAF021748","AFAF021748-RA","27","Anopheles farauti FAR1","KI915040:23,894,810..23,896,113(+)","unspecified product","protein coding gene","AFAF015063"
"AFUN016069","AFUN016069-RA","17","Anopheles funestus FUMOZ","AfunF3_X:426,006..427,272(-)","Salivary gland protein 1-like [Source:UniProtKB/TrEMBL;Acc:A0A1I8JUD9]","protein coding gene","AFUN000977"
"AFUN016070","AFUN016070-RA","17","Anopheles funestus FUMOZ","AfunF3_X:424,288..425,714(-)","salivary gland protein 1-like","protein coding gene","AFUN000977"
"AFUN016187","AFUN016187-RA","35","Anopheles funestus FUMOZ","AfunF3_2:18,213,677..18,214,995(+)","salivary gland protein","protein coding gene","AFUN006264"
"AFUN016188","AFUN016188-RA","35","Anopheles funestus FUMOZ","AfunF3_2:18,212,185..18,213,541(+)","unspecified product","protein coding gene","AFUN006264"
"AFUN016211","AFUN016211-RA","64","Anopheles funestus FUMOZ","AfunF3_3:84,512,492..84,513,403(-)","Salivary gland protein 8 [Source:UniProtKB/TrEMBL;Acc:A0A1I8JUQ9]","protein coding gene","AFUN007248"
"AFUN016212","AFUN016212-RA","64","Anopheles funestus FUMOZ","AfunF3_3:84,507,400..84,544,777(-)","Reversion-inducing cysteine-rich protein with Kazal motifs","protein coding gene","AFUN007248"
"AFUN016212","AFUN016212-RB","64","Anopheles funestus FUMOZ","AfunF3_3:84,507,400..84,544,777(-)","Reversion-inducing cysteine-rich protein with Kazal motifs","protein coding gene","AFUN007248"
"AFUN016225","AFUN016225-RA","81","Anopheles funestus FUMOZ","AfunF3_3:33,650,663..33,651,322(-)","salivary gland protein 2-like","protein coding gene","AFUN008756"
"AFUN016226","AFUN016226-RA","81","Anopheles funestus FUMOZ","AfunF3_3:33,653,198..33,653,621(-)","salivary gland protein","protein coding gene","AFUN008756"
"AFUN016250","AFUN016250-RA","88","Anopheles funestus FUMOZ","AfunF3_2:82,873,595..82,874,334(-)","salivary gland protein 7-like","protein coding gene","AFUN010916"
"AFUN016251","AFUN016251-RA","88","Anopheles funestus FUMOZ","AfunF3_2:82,875,207..82,875,906(-)","salivary gland protein","protein coding gene","AFUN010916"
"AFUN016444","AFUN016444-RA","7","Anopheles funestus FUMOZ","AfunF3_3:69,389,516..69,416,932(-)","Heme peroxidase 1 [Source:UniProtKB/TrEMBL;Acc:A0A1Y9HDW6]","protein coding gene","AFUN006947"
"AFUN016445","AFUN016445-RA","7","Anopheles funestus FUMOZ","AfunF3_3:69,385,777..69,387,868(-)","heme peroxidase","protein coding gene","AFUN006947"
"AFUN016454","AFUN016454-RA","69","Anopheles funestus FUMOZ","AfunF3_2:84,470,279..84,470,983(-)","D7 short form salivary protein","protein coding gene","AFUN007415"
"AFUN016455","AFUN016455-RA","69","Anopheles funestus FUMOZ","AfunF3_2:84,468,725..84,469,489(-)","D7 short form salivary protein","protein coding gene","AFUN007415"
"AFUN016456","AFUN016456-RA","69","Anopheles funestus FUMOZ","AfunF3_2:84,467,346..84,468,062(-)","D7 short form salivary protein","protein coding gene","AFUN007415"
"AFUN016457","AFUN016457-RA","69","Anopheles funestus FUMOZ","AfunF3_2:84,471,742..84,472,488(-)","D7 short form salivary protein","protein coding gene","AFUN007415"
"AFUN016458","AFUN016458-RA","69","Anopheles funestus FUMOZ","AfunF3_2:84,466,506..84,467,168(-)","D7 short form salivary protein","protein coding gene","AFUN007415"
"AFUN016459","AFUN016459-RA","42","Anopheles funestus FUMOZ","AfunF3_3:32,224,820..32,225,916(+)","antigen 5 related protein","protein coding gene","AFUN007481"
"AFUN016468","AFUN016468-RA","54","Anopheles funestus FUMOZ","AfunF3_2:7,361,694..7,362,700(-)","unspecified product","protein coding gene","AFUN008280"
"AFUN016469","AFUN016469-RA","54","Anopheles funestus FUMOZ","AfunF3_2:7,358,539..7,359,673(-)","unspecified product","protein coding gene","AFUN008280"
"AFUN016470","AFUN016470-RA","54","Anopheles funestus FUMOZ","AfunF3_2:7,359,970..7,361,128(-)","Hyp37.7-like [Source:Projected from Anopheles gambiae (AGAP001988) UniProtKB/TrEMBL;Acc:Q52P96]","protein coding gene","AFUN008280"
"AFUN020017","AFUN020017-RA","42","Anopheles funestus FUMOZ","AfunF3_3:32,222,105..32,223,160(+)","venom allergen [Source:Projected from Anopheles gambiae (AGAP006420) VB Community Annotation]","protein coding gene","AFUN007481"
"AFUN021417","AFUN021417-RA","57","Anopheles funestus FUMOZ","AfunF3_2:876,631..877,763(+)","antigen 5 related protein [Source:Projected from Anopheles gambiae (AGAP003354) VB Community Annotation]","protein coding gene","AFUN004172"
"AFUN021418","AFUN021418-RA","57","Anopheles funestus FUMOZ","AfunF3_2:874,277..875,433(+)","SCP domain-containing protein [Source:UniProtKB/TrEMBL;Acc:A0A4Y0BNC1]","protein coding gene","AFUN004172"
"AFUN021705","AFUN021705-RA","9","Anopheles funestus FUMOZ","AfunF3_3:82,136,159..82,139,007(+)","Epoxide hydrolase [Source:Projected from Anopheles gambiae (AGAP011972) VB Community Annotation]","protein coding gene","AFUN006729"
"AFUN021706","AFUN021706-RA","9","Anopheles funestus FUMOZ","AfunF3_3:82,132,907..82,135,013(+)","Ser/Thr protein phosphatase/nucleotidase [Source:Projected from Anopheles gambiae (AGAP011971) VB Community Annotation]","protein coding gene","AFUN006729"
"AFUN022044","AFUN022044-RA","2","Anopheles funestus FUMOZ","AfunF3_2:21,493,635..21,495,659(+)","Aamy domain-containing protein [Source:UniProtKB/TrEMBL;Acc:A0A4Y0BQC9]","protein coding gene","AFUN009470"
"AFUN022045","AFUN022045-RA","2","Anopheles funestus FUMOZ","AfunF3_2:21,484,732..21,488,948(+)","isoleucyl-tRNA synthetase [Source:Projected from Anopheles gambiae (AGAP002101) VB Community Annotation]","protein coding gene","AFUN009470"
"AGAP029194","AGAP029194-RA","4","Anopheles gambiae PEST","AgamP4_3L:9,101,137..9,103,130(-)","unspecified product","protein coding gene","AGAP010735"
"AGAP029195","AGAP029195.R129","4","Anopheles gambiae PEST","AgamP4_3L:9,089,833..9,091,879(-)","Heme peroxidase 12 [Source:UniProtKB/TrEMBL;Acc:A0A2Y9D2C2]","protein coding gene","AGAP010735"
"AMAM024553","AMAM024553-RA","20","Anopheles maculatus maculatus3","AXCL01001724:3,761..5,008(-)","salivary gland protein 1-like [Source:Projected from Anopheles gambiae (AGAP000610) VB Community Annotation]","protein coding gene","AMAM011139"
"AMAM024554","AMAM024554-RA","20","Anopheles maculatus maculatus3","AXCL01001724:5,319..6,539(-)","salivary gland protein 1-like [Source:Projected from Anopheles gambiae (AGAP000609) VB Community Annotation]","protein coding gene","AMAM011139"
"AMAM024557","AMAM024557-RA","28","Anopheles maculatus maculatus3","AXCL01015932:1,728..2,932(-)","unspecified product","protein coding gene","AMAM023191"
"AMAM024558","AMAM024558-RA","28","Anopheles maculatus maculatus3","AXCL01015932:193..1,454(-)","salivary gland protein [Source:Projected from Anopheles gambiae (AGAP013423) VB Community Annotation]","protein coding gene","AMAM023191"
"AMEC023175","AMEC023175-RA","75","Anopheles melas CM1001059_A","AXCO02000323:5,850..6,505(+)","D7 short form salivary protein [Source:Projected from Anopheles gambiae (AGAP008282) VB Community Annotation]","protein coding gene","AMEC007834"
"AMEC023176","AMEC023176-RA","75","Anopheles melas CM1001059_A","AXCO02000323:8,564..9,141(+)","D7 short form salivary protein [Source:Projected from Anopheles gambiae (AGAP008280) VB Community Annotation]","protein coding gene","AMEC007834"
"AMEC023177","AMEC023177-RA","75","Anopheles melas CM1001059_A","AXCO02000323:7,547..8,180(+)","D7 short form salivary protein [Source:Projected from Anopheles gambiae (AGAP008281) VB Community Annotation]","protein coding gene","AMEC007834"
"AMEC023178","AMEC023178-RA","75","Anopheles melas CM1001059_A","AXCO02000323:4,157..4,811(+)","D7 short form salivary protein [Source:Projected from Anopheles gambiae (AGAP008283) VB Community Annotation]","protein coding gene","AMEC007834"
"AMEC023277","AMEC023277-RA","44","Anopheles melas CM1001059_A","AXCO02015945:278..1,099(+)","antigen 5 related protein [Source:Projected from Anopheles gambiae (AGAP006419) VB Community Annotation]","protein coding gene","AMEC012577"
"AMEC023278","AMEC023278-RA","44","Anopheles melas CM1001059_A","AXCO02015945:4,914..5,876(+)","antigen 5 related protein [Source:Projected from Anopheles gambiae (AGAP006421) VB Community Annotation]","protein coding gene","AMEC012577"
"AMEC023279","AMEC023279-RA","44","Anopheles melas CM1001059_A","AXCO02015945:2,471..3,427(+)","venom allergen [Source:Projected from Anopheles gambiae (AGAP006420) VB Community Annotation]","protein coding gene","AMEC012577"
"AMEM019089","AMEM019089-RA","24","Anopheles merus MAF","KI915205:750,617..756,724(+)","unspecified product","protein coding gene","AMEM001646"
"AMEM019090","AMEM019090-RA","24","Anopheles merus MAF","KI915205:735,404..736,773(+)","salivary gland protein [Source:Projected from Anopheles gambiae (AGAP000612) VB Community Annotation]","protein coding gene","AMEM001646"
"AMEM019128","AMEM019128-RA","15","Anopheles merus MAF","KI915205:729,077..730,474(+)","salivary gland protein 1-like [Source:Projected from Anopheles gambiae (AGAP000610) VB Community Annotation]","protein coding gene","AMEM018376"
"AMEM019129","AMEM019129-RA","15","Anopheles merus MAF","KI915205:727,558..728,840(+)","SG1-2 [Source:UniProtKB/TrEMBL;Acc:L7ZDJ4]","protein coding gene","AMEM018376"
"AMIN015854","AMIN015854-RA","31","Anopheles minimus MINIMUS1","KB663610:8,525,058..8,526,384(+)","unspecified product","protein coding gene","AMIN002825"
"AMIN015855","AMIN015855-RA","31","Anopheles minimus MINIMUS1","KB663610:8,526,536..8,527,935(+)","salivary gland protein [Source:Projected from Anopheles gambiae (AGAP013423) VB Community Annotation]","protein coding gene","AMIN002825"
"AMIN015897","AMIN015897-RA","18","Anopheles minimus MINIMUS1","KB664054:2,145,590..2,146,955(+)","salivary gland protein [Source:Projected from Anopheles gambiae (AGAP000612) VB Community Annotation]","protein coding gene","AMIN005212"
"AMIN015898","AMIN015898-RA","18","Anopheles minimus MINIMUS1","KB664054:2,140,506..2,141,803(+)","salivary gland protein 1-like [Source:Projected from Anopheles gambiae (AGAP000609) VB Community Annotation]","protein coding gene","AMIN005212"
"AMIN015899","AMIN015899-RA","18","Anopheles minimus MINIMUS1","KB664054:2,143,755..2,145,133(+)","salivary gland protein 1-like [Source:Projected from Anopheles gambiae (AGAP000611) VB Community Annotation]","protein coding gene","AMIN005212"
"AMIN015900","AMIN015900-RA","18","Anopheles minimus MINIMUS1","KB664054:2,142,069..2,143,463(+)","salivary gland protein 1-like [Source:Projected from Anopheles gambiae (AGAP000610) VB Community Annotation]","protein coding gene","AMIN005212"
"AMIN015910","AMIN015910-RA","73","Anopheles minimus MINIMUS1","KB664255:2,038,344..2,039,083(+)","D7 short form salivary protein [Source:Projected from Anopheles gambiae (AGAP008282) VB Community Annotation]","protein coding gene","AMIN006009"
"AMIN015911","AMIN015911-RA","73","Anopheles minimus MINIMUS1","KB664255:2,035,347..2,036,077(+)","D7 short form salivary protein [Source:Projected from Anopheles gambiae (AGAP008284) VB Community Annotation]","protein coding gene","AMIN006009"
"AMIN015912","AMIN015912-RA","73","Anopheles minimus MINIMUS1","KB664255:2,039,974..2,040,702(+)","D7 short form salivary protein [Source:Projected from Anopheles gambiae (AGAP008281) VB Community Annotation]","protein coding gene","AMIN006009"
"AMIN015913","AMIN015913-RA","73","Anopheles minimus MINIMUS1","KB664255:2,040,889..2,041,592(+)","D7 short form salivary protein [Source:Projected from Anopheles gambiae (AGAP008280) VB Community Annotation]","protein coding gene","AMIN006009"
"AMIN015914","AMIN015914-RA","73","Anopheles minimus MINIMUS1","KB664255:2,036,796..2,037,526(+)","D7 short form salivary protein [Source:Projected from Anopheles gambiae (AGAP008283) VB Community Annotation]","protein coding gene","AMIN006009"
"AMIN015921","AMIN015921-RA","89","Anopheles minimus MINIMUS1","KB664255:3,575,892..3,576,596(+)","salivary gland protein [Source:Projected from Anopheles gambiae (AGAP008216) VB Community Annotation]","protein coding gene","AMIN006065"
"AMIN015922","AMIN015922-RA","89","Anopheles minimus MINIMUS1","KB664255:3,577,551..3,578,224(+)","salivary gland protein 7-like [Source:Projected from Anopheles gambiae (AGAP008215) VB Community Annotation]","protein coding gene","AMIN006065"
"AMIN015950","AMIN015950-RA","80","Anopheles minimus MINIMUS1","KB664165:5,391,438..5,392,066(+)","salivary gland protein 2-like [Source:Projected from Anopheles gambiae (AGAP006504) VB Community Annotation]","protein coding gene","AMIN007867"
"AMIN015951","AMIN015951-RA","80","Anopheles minimus MINIMUS1","KB664165:5,390,283..5,390,716(+)","salivary gland protein [Source:Projected from Anopheles gambiae (AGAP006506) VB Community Annotation]","protein coding gene","AMIN007867"
"AMIN015957","AMIN015957-RA","40","Anopheles minimus MINIMUS1","KB664165:6,587,337..6,588,478(-)","antigen 5 related protein [Source:Projected from Anopheles gambiae (AGAP006421) VB Community Annotation]","protein coding gene","AMIN007945"
"AMIN015958","AMIN015958-RA","40","Anopheles minimus MINIMUS1","KB664165:6,589,192..6,590,631(-)","venom allergen [Source:Projected from Anopheles gambiae (AGAP006420) VB Community Annotation]","protein coding gene","AMIN007945"
"AMIN015959","AMIN015959-RA","40","Anopheles minimus MINIMUS1","KB664165:6,591,418..6,592,469(-)","SCP domain-containing protein [Source:UniProtKB/TrEMBL;Acc:A0A1Y9IW95]","protein coding gene","AMIN007945"
"AMIN015972","AMIN015972-RA","65","Anopheles minimus MINIMUS1","KB663943:7,996,511..7,997,425(+)","salivary gland protein 8","protein coding gene","AMIN008701"
"AMIN015973","AMIN015973-RA","65","Anopheles minimus MINIMUS1","KB663943:7,971,292..8,002,421(+)","Reversion-inducing cysteine-rich protein with Kazal motifs [Source:Projected from Anopheles gambiae (AGAP010646) VB Community Annotation]","protein coding gene","AMIN008701"
"AMIN015996","AMIN015996-RA","5","Anopheles minimus MINIMUS1","KB663666:1,111,260..1,143,506(-)","heme peroxidase 1","protein coding gene","AMIN009228"
"AMIN015997","AMIN015997-RA","5","Anopheles minimus MINIMUS1","KB663666:1,106,056..1,108,132(-)","Heme peroxidase [Source:Projected from Anopheles gambiae (AGAP029195) UniProtKB/TrEMBL;Acc:A0A2Y9D2C2]","protein coding gene","AMIN009228"
"AQUA016165","AQUA016165-RA","63","Anopheles quadriannulatus SANGWE","KB666054:146,664..147,952(+)","salivary gland protein 8","protein coding gene","AQUA000082"
"AQUA016166","AQUA016166-RA","63","Anopheles quadriannulatus SANGWE","KB666054:105,413..156,686(+)","Reversion-inducing cysteine-rich protein with Kazal motifs [Source:Projected from Anopheles gambiae (AGAP010646) VB Community Annotation]","protein coding gene","AQUA000082"
"AQUA016194","AQUA016194-RA","19","Anopheles quadriannulatus SANGWE","KB668144:622,696..624,062(+)","salivary gland protein 1-like [Source:Projected from Anopheles gambiae (AGAP000611) VB Community Annotation]","protein coding gene","AQUA001766"
"AQUA016195","AQUA016195-RA","19","Anopheles quadriannulatus SANGWE","KB668144:621,053..622,468(+)","salivary gland protein 1-like [Source:Projected from Anopheles gambiae (AGAP000610) VB Community Annotation]","protein coding gene","AQUA001766"
"AQUA016196","AQUA016196-RA","19","Anopheles quadriannulatus SANGWE","KB668144:619,532..620,801(+)","salivary gland protein 1-like [Source:Projected from Anopheles gambiae (AGAP000609) VB Community Annotation]","protein coding gene","AQUA001766"
"AQUA016197","AQUA016197-RA","19","Anopheles quadriannulatus SANGWE","KB668144:625,843..627,207(+)","salivary gland protein [Source:Projected from Anopheles gambiae (AGAP000612) VB Community Annotation]","protein coding gene","AQUA001766"
"AQUA016340","AQUA016340-RA","84","Anopheles quadriannulatus SANGWE","KB667999:495,996..496,599(-)","salivary gland protein 7-like [Source:Projected from Anopheles gambiae (AGAP008215) VB Community Annotation]","protein coding gene","AQUA010544"
"AQUA016341","AQUA016341-RA","84","Anopheles quadriannulatus SANGWE","KB667999:495,080..495,651(-)","salivary gland protein 7-like [Source:Projected from Anopheles gambiae (AGAP013724) VB Community Annotation]","protein coding gene","AQUA010544"
"AQUA016344","AQUA016344-RA","74","Anopheles quadriannulatus SANGWE","KB667999:2,069,852..2,070,551(-)","D7 short form salivary protein [Source:Projected from Anopheles gambiae (AGAP008283) VB Community Annotation]","protein coding gene","AQUA010607"
"AQUA016345","AQUA016345-RA","74","Anopheles quadriannulatus SANGWE","KB667999:2,066,438..2,067,156(-)","D7 short form salivary protein [Source:Projected from Anopheles gambiae (AGAP008281) VB Community Annotation]","protein coding gene","AQUA010607"
"AQUA016346","AQUA016346-RA","74","Anopheles quadriannulatus SANGWE","KB667999:2,065,356..2,066,212(-)","D7 short form salivary protein [Source:Projected from Anopheles gambiae (AGAP008280) VB Community Annotation]","protein coding gene","AQUA010607"
"AQUA016581","AQUA016581-RA","56","Anopheles quadriannulatus SANGWE","KB667445:165,131..166,640(+)","antigen 5 related protein [Source:Projected from Anopheles gambiae (AGAP006421) VB Community Annotation]","protein coding gene","AQUA006260"
"AQUA016582","AQUA016582-RA","56","Anopheles quadriannulatus SANGWE","KB667445:162,730..164,029(+)","venom allergen [Source:Projected from Anopheles gambiae (AGAP006420) VB Community Annotation]","protein coding gene","AQUA006260"
"AQUA016583","AQUA016583-RA","56","Anopheles quadriannulatus SANGWE","KB667445:157,714..158,880(+)","venom allergen [Source:Projected from Anopheles gambiae (AGAP006418) VB Community Annotation]","protein coding gene","AQUA006260"
"AQUA016584","AQUA016584-RA","56","Anopheles quadriannulatus SANGWE","KB667445:160,453..161,521(+)","antigen 5 related protein [Source:Projected from Anopheles gambiae (AGAP006419) VB Community Annotation]","protein coding gene","AQUA006260"
"AQUA017720","AQUA017720-RA","72","Anopheles quadriannulatus SANGWE","KB667445:1,748,658..1,749,339(-)","unspecified product","protein coding gene","AQUA006340"
"AQUA017721","AQUA017721-RA","72","Anopheles quadriannulatus SANGWE","KB667445:1,750,942..1,751,589(-)","unspecified product","protein coding gene","AQUA006340"
"ASIS007113","ASIS007113-RA","21","Anopheles sinensis SINENSIS","KI916189:2,104,005..2,107,750(-)","salivary gland protein [Source:Projected from Anopheles gambiae (AGAP000612) VB Community Annotation]","protein coding gene","ASIS007113"
"ASIS008632","ASIS008632-RA","96","Anopheles sinensis SINENSIS","KI916422:429,199..429,838(+)","unspecified product","protein coding gene","ASIS008632"
"ASIS010361","ASIS010361-RA","95","Anopheles sinensis SINENSIS","KI916198:1,759,927..1,760,772(-)","unspecified product","protein coding gene","ASIS010361"
"ASIS019158","ASIS019158-RA","59","Anopheles sinensis SINENSIS","KI916195:1,608,644..1,609,460(-)","salivary gland protein 8","protein coding gene","ASIS019158"
"ASIS020198","ASIS020198-RA","91","Anopheles sinensis SINENSIS","KI916320:101,102..101,694(-)","salivary gland protein 7-like [Source:Projected from Anopheles gambiae (AGAP008215) VB Community Annotation]","protein coding gene","ASIS020198"
"ASIS024409","ASIS024409-RA","25","Anopheles sinensis SINENSIS","KI916324:364,853..366,241(+)","salivary gland protein [Source:Projected from Anopheles gambiae (AGAP013423) VB Community Annotation]","protein coding gene","ASIS014775"
"ASIS024410","ASIS024410-RA","25","Anopheles sinensis SINENSIS","KI916324:363,296..364,610(+)","unspecified product","protein coding gene","ASIS014775"
"ASTE014974","ASTE014974-RA","39","Anopheles stephensi SDA-500","KB664621:684,617..686,204(+)","unspecified product","protein coding gene","ASTE014974"
"ASTE016114","ASTE016114-RA","51","Anopheles stephensi SDA-500","KB664799:830,621..831,640(-)","venom allergen [Source:Projected from Anopheles gambiae (AGAP006417) VB Community Annotation]","protein coding gene","ASTE001082"
"ASTE016137","ASTE016137-RA","51","Anopheles stephensi SDA-500","KB664799:816,728..817,753(-)","venom allergen [Source:Projected from Anopheles gambiae (AGAP006420) VB Community Annotation]","protein coding gene","ASTE001082"
"ASTE016138","ASTE016138-RA","51","Anopheles stephensi SDA-500","KB664799:823,069..824,096(-)","unspecified product","protein coding gene","ASTE001082"
"ASTE016139","ASTE016139-RA","51","Anopheles stephensi SDA-500","KB664799:820,172..821,177(-)","unspecified product","protein coding gene","ASTE001082"
"ASTE016140","ASTE016140-RA","51","Anopheles stephensi SDA-500","KB664799:828,648..829,624(-)","unspecified product","protein coding gene","ASTE001082"
"ASTE016141","ASTE016141-RA","51","Anopheles stephensi SDA-500","KB664799:813,147..814,246(-)","antigen 5 related protein [Source:Projected from Anopheles gambiae (AGAP006421) VB Community Annotation]","protein coding gene","ASTE001082"
"ASTE016194","ASTE016194-RA","29","Anopheles stephensi SDA-500","KB664735:26,656..28,224(+)","unspecified product","protein coding gene","ASTE003397"
"ASTE016195","ASTE016195-RA","29","Anopheles stephensi SDA-500","KB664735:28,371..29,705(+)","salivary gland protein [Source:Projected from Anopheles gambiae (AGAP013423) VB Community Annotation]","protein coding gene","ASTE003397"
"ASTE016224","ASTE016224-RA","90","Anopheles stephensi SDA-500","KB664777:796,707..797,353(-)","salivary gland protein 7-like [Source:Projected from Anopheles gambiae (AGAP008215) VB Community Annotation]","protein coding gene","ASTE005068"
"ASTE016225","ASTE016225-RA","90","Anopheles stephensi SDA-500","KB664777:798,254..799,000(-)","salivary gland protein [Source:Projected from Anopheles gambiae (AGAP008216) VB Community Annotation]","protein coding gene","ASTE005068"
"ASTE016261","ASTE016261-RA","11","Anopheles stephensi SDA-500","KB665243:269,913..271,160(-)","salivary gland protein 1-like [Source:Projected from Anopheles gambiae (AGAP000610) VB Community Annotation]","protein coding gene","ASTE006147"
"ASTE016262","ASTE016262-RA","11","Anopheles stephensi SDA-500","KB665243:268,168..269,466(-)","salivary gland protein 1-like [Source:Projected from Anopheles gambiae (AGAP000611) VB Community Annotation]","protein coding gene","ASTE006147"
"ASTE016263","ASTE016263-RA","11","Anopheles stephensi SDA-500","KB665243:266,520..267,719(-)","salivary gland protein [Source:Projected from Anopheles gambiae (AGAP000612) VB Community Annotation]","protein coding gene","ASTE006147"
"ASTE016355","ASTE016355-RA","8","Anopheles stephensi SDA-500","KB664609:61,234..87,212(+)","heme peroxidase 1","protein coding gene","ASTE009399"
"ASTE016356","ASTE016356-RA","8","Anopheles stephensi SDA-500","KB664609:89,290..91,356(+)","heme peroxidase","protein coding gene","ASTE009399"
"ASTE016364","ASTE016364-RA","61","Anopheles stephensi SDA-500","KB664888:1,037,780..1,038,575(-)","salivary gland protein 8","protein coding gene","ASTE010089"
"ASTE016365","ASTE016365-RA","61","Anopheles stephensi SDA-500","KB664888:1,032,858..1,055,555(-)","Reversion-inducing cysteine-rich protein with Kazal motifs [Source:Projected from Anopheles gambiae (AGAP010646) VB Community Annotation]","protein coding gene","ASTE010089"
"ASTE016512","ASTE016512-RA","71","Anopheles stephensi SDA-500","KB664621:692,177..692,921(-)","Short form D7clu5 salivary protein [Source:UniProtKB/TrEMBL;Acc:Q95V94]","protein coding gene","ASTE008616"
"ASTE016513","ASTE016513-RA","71","Anopheles stephensi SDA-500","KB664621:689,492..690,237(-)","Short D7-4 salivary protein [Source:UniProtKB/TrEMBL;Acc:Q86M97]","protein coding gene","ASTE008616"
"ASTE016514","ASTE016514-RA","71","Anopheles stephensi SDA-500","KB664621:687,097..687,760(-)","unspecified product","protein coding gene","ASTE008616"
"ASTE016515","ASTE016515-RA","71","Anopheles stephensi SDA-500","KB664621:690,939..691,555(-)","unspecified product","protein coding gene","ASTE008616"
"ASTE016516","ASTE016516-RA","71","Anopheles stephensi SDA-500","KB664621:687,959..688,663(-)","D7-related 1 protein [Source:UniProtKB/TrEMBL;Acc:Q95P12]","protein coding gene","ASTE008616"
